,Date,Open,High,Low,Close,Volume,Dividend
1344,2014-01-02,58.31,58.5,57.9745,58.21,15627600.0,0.38
1343,2014-01-03,58.29,58.95,58.21,58.66,14214100.0,0.0
1342,2014-01-06,59.16,59.465,58.83,59.0,17550700.0,0.0
1341,2014-01-07,59.29,59.43,58.11,58.32,17851200.0,0.0
1340,2014-01-08,58.54,58.91,58.3,58.87,14687400.0,0.0
1339,2014-01-09,58.98,59.0,58.33,58.76,13242500.0,0.0
1338,2014-01-10,58.67,58.76,58.175,58.49,12694900.0,0.0
1337,2014-01-13,58.51,58.67,57.53,57.7,20711600.0,0.0
1336,2014-01-14,58.3,58.58,57.56,57.74,30272400.0,0.0
1335,2014-01-15,57.73,59.65,57.73,59.49,35186600.0,0.0
1334,2014-01-16,58.79,59.82,58.74,58.99,21689400.0,0.0
1333,2014-01-17,59.21,59.23,58.03,58.11,20997900.0,0.0
1332,2014-01-21,58.09,58.44,57.58,58.17,19548300.0,0.0
1331,2014-01-22,58.33,58.33,57.42,57.59,15433500.0,0.0
1330,2014-01-23,57.09,57.1,56.21,56.47,26234600.0,0.0
1329,2014-01-24,56.0,56.36,55.09,55.09,26833100.0,0.0
1328,2014-01-27,55.08,55.795,54.692,55.09,23935000.0,0.0
1327,2014-01-28,55.39,56.3367,55.24,55.74,18041000.0,0.0
1326,2014-01-29,54.96,55.87,54.85,55.53,25459000.0,0.0
1325,2014-01-30,56.07,56.39,55.63,56.0,17031100.0,0.0
1324,2014-01-31,55.5,56.11,55.18,55.36,18174000.0,0.0
1323,2014-02-03,55.5,55.92,54.2,54.31,28549900.0,0.0
1322,2014-02-04,54.72,55.35,54.6,54.95,20709300.0,0.0
1321,2014-02-05,55.1,55.45,54.58,55.21,19491600.0,0.0
1320,2014-02-06,55.35,56.55,55.2,56.48,20881600.0,0.0
1319,2014-02-07,56.65,56.93,56.255,56.62,23388500.0,0.0
1318,2014-02-10,56.77,56.92,56.39,56.74,14715200.0,0.0
1317,2014-02-11,56.61,57.57,56.58,57.43,18774100.0,0.0
1316,2014-02-12,57.34,57.71,57.16,57.52,13437900.0,0.0
1315,2014-02-13,57.07,58.1,56.96,58.03,16605500.0,0.0
1314,2014-02-14,57.89,58.23,57.75,58.15,13067300.0,0.0
1313,2014-02-18,58.02,58.65,57.9,58.49,14983800.0,0.0
1312,2014-02-19,58.36,58.54,57.22,57.26,18669900.0,0.0
1311,2014-02-20,57.53,57.971000000000004,57.2699,57.58,12457000.0,0.0
1310,2014-02-21,57.59,57.84,57.37,57.61,16790100.0,0.0
1309,2014-02-24,57.62,58.23,57.575,58.03,16151400.0,0.0
1308,2014-02-25,57.9,57.98,56.92,57.03,17991800.0,0.0
1307,2014-02-26,57.37,57.38,56.223,56.75,23661700.0,0.0
1306,2014-02-27,56.78,56.89,56.14,56.69,16277500.0,0.0
1305,2014-02-28,56.57,57.45,56.39,56.82,18599000.0,0.0
1304,2014-03-03,56.3,56.42,55.69,56.21,19151000.0,0.0
1303,2014-03-04,56.95,57.36,56.64,57.26,17157000.0,0.0
1302,2014-03-05,57.48,58.29,57.36,58.16,17761500.0,0.0
1301,2014-03-06,58.51,59.0854,58.4,58.9,19420600.0,0.0
1300,2014-03-07,59.35,59.8,59.07,59.4,18602200.0,0.0
1299,2014-03-10,59.14,59.48,58.865,59.2,16945200.0,0.0
1298,2014-03-11,59.42,59.45,58.13,58.19,19420000.0,0.0
1297,2014-03-12,57.7,57.96,57.42,57.92,17932100.0,0.0
1296,2014-03-13,58.0,58.34,57.19,57.42,17192500.0,0.0
1295,2014-03-14,57.11,57.53,56.62,56.8,18635800.0,0.0
1294,2014-03-17,57.21,57.7,57.05,57.58,13581400.0,0.0
1293,2014-03-18,57.82,58.16,57.62,58.06,12554800.0,0.0
1292,2014-03-19,57.99,58.93,57.89,58.3,21450700.0,0.0
1291,2014-03-20,58.36,60.49,58.13,60.11,33736500.0,0.0
1290,2014-03-21,60.96,61.2,60.0,60.17,35144100.0,0.0
1289,2014-03-24,60.37,61.19,60.35,61.07,25810500.0,0.0
1288,2014-03-25,61.11,61.48,60.56,60.93,24053500.0,0.0
1287,2014-03-26,61.24,61.4,59.89,59.9,22745200.0,0.0
1286,2014-03-27,59.94,60.55,59.02,59.92,24632600.0,0.0
1285,2014-03-28,60.21,60.59,59.68,60.04,14708700.0,0.0
1284,2014-03-31,60.83,61.015,60.6,60.71,15216700.0,0.0
1283,2014-04-01,60.95,61.29,60.37,60.67,14584400.0,0.0
1282,2014-04-02,60.37,60.77,60.2,60.48,14012200.0,0.38
1281,2014-04-03,60.65,60.8,60.28,60.66,11925200.0,0.0
1280,2014-04-04,61.02,61.06,59.8,59.81,16966900.0,0.0
1279,2014-04-07,59.69,60.0,58.84,59.0,18685700.0,0.0
1278,2014-04-08,58.8,59.02,58.25,58.85,16956500.0,0.0
1277,2014-04-09,59.1,59.45,58.495,59.27,15308400.0,0.0
1276,2014-04-10,59.35,59.39,57.38,57.4,29977200.0,0.0
1275,2014-04-11,55.18,56.05,54.55,55.3,47241300.0,0.0
1274,2014-04-14,55.85,55.94,54.48,54.96,31081500.0,0.0
1273,2014-04-15,55.09,55.64,54.35,54.8,26691400.0,0.0
1272,2014-04-16,55.0,55.35,54.69,55.26,27049400.0,0.0
1271,2014-04-17,55.34,55.57,55.013000000000005,55.22,17955400.0,0.0
1270,2014-04-21,55.26,55.41,54.99,55.03,12384800.0,0.0
1269,2014-04-22,55.04,56.08,54.94,55.81,16257600.0,0.0
1268,2014-04-23,55.8,56.12,55.5607,56.05,11379000.0,0.0
1267,2014-04-24,56.07,56.26,55.61,56.19,15360600.0,0.0
1266,2014-04-25,56.31,56.35,55.64,55.7,15937700.0,0.0
1265,2014-04-28,55.63,55.7,54.68,55.49,21394100.0,0.0
1264,2014-04-29,55.73,56.305,55.57,56.1,13453400.0,0.0
1263,2014-04-30,56.24,56.35,55.72,55.98,14388100.0,0.0
1262,2014-05-01,55.92,56.19,55.5,55.72,12744600.0,0.0
1261,2014-05-02,55.83,56.37,55.44,55.58,15153800.0,0.0
1260,2014-05-05,53.88,54.74,53.7,54.22,25232300.0,0.0
1259,2014-05-06,54.04,54.06,53.32,53.34,25327400.0,0.0
1258,2014-05-07,53.55,54.12,53.24,54.05,18502600.0,0.0
1257,2014-05-08,54.2,54.53,54.055,54.36,16090800.0,0.0
1256,2014-05-09,54.22,54.306999999999995,53.675,54.01,12366500.0,0.0
1255,2014-05-12,54.27,54.7,54.03,54.65,12825500.0,0.0
1254,2014-05-13,54.74,54.83,54.5,54.62,12310700.0,0.0
1253,2014-05-14,54.64,54.7,54.3,54.36,10325800.0,0.0
1252,2014-05-15,54.2,54.2,53.35,53.51,19763000.0,0.0
1251,2014-05-16,53.42,53.51,52.97,53.31,19992400.0,0.0
1250,2014-05-19,53.08,53.91,53.06,53.83,12068900.0,0.0
1249,2014-05-20,53.72,54.04,53.41,53.72,16888200.0,0.0
1248,2014-05-21,54.05,54.6,53.98,54.12,13210200.0,0.0
1247,2014-05-22,54.17,54.6,54.02,54.55,11800900.0,0.0
1246,2014-05-23,54.55,54.585,54.16,54.53,10876500.0,0.0
1245,2014-05-27,54.75,55.4256,54.69,55.14,14503700.0,0.0
1244,2014-05-28,55.09,55.6,55.0,55.45,11374900.0,0.0
1243,2014-05-29,55.75,55.92,55.39,55.72,11741000.0,0.0
1242,2014-05-30,55.58,55.88,55.31,55.57,11991900.0,0.0
1241,2014-06-02,55.65,55.65,55.02,55.35,9440000.0,0.0
1240,2014-06-03,55.09,55.66,55.09,55.6,9131500.0,0.0
1239,2014-06-04,55.52,55.725,55.25,55.68,9727800.0,0.0
1238,2014-06-05,55.91,56.66,55.49,56.63,16803400.0,0.0
1237,2014-06-06,56.76,57.13,56.65,56.97,15399800.0,0.0
1236,2014-06-09,56.91,57.665,56.9,57.42,11999700.0,0.0
1235,2014-06-10,57.47,57.94,57.39,57.9,11609200.0,0.0
1234,2014-06-11,57.48,57.79,56.975,57.27,14232200.0,0.0
1233,2014-06-12,57.07,57.42,56.87,57.04,11670200.0,0.0
1232,2014-06-13,57.03,57.67,56.88,57.04,12040800.0,0.0
1231,2014-06-16,56.85,56.95,56.33,56.87,11199100.0,0.0
1230,2014-06-17,56.79,57.59,56.68,57.42,11200500.0,0.0
1229,2014-06-18,57.29,57.81,56.95,57.78,13729400.0,0.0
1228,2014-06-19,57.69,57.69,57.21,57.3,11624400.0,0.0
1227,2014-06-20,57.69,57.77,57.35,57.55,17124800.0,0.0
1226,2014-06-23,57.54,58.22,57.24,58.19,16007700.0,0.0
1225,2014-06-24,57.88,58.12,57.3,57.42,12322900.0,0.0
1224,2014-06-25,57.22,57.74,56.87,57.53,14836600.0,0.0
1223,2014-06-26,57.34,57.49,56.6,57.39,11854400.0,0.0
1222,2014-06-27,57.33,57.7,57.24,57.53,10178600.0,0.0
1221,2014-06-30,57.44,57.78,57.38,57.62,11549000.0,0.0
1220,2014-07-01,57.15,57.99,57.08,57.57,14472200.0,0.4
1219,2014-07-02,57.27,57.475,56.82,56.97,19189900.0,0.0
1218,2014-07-03,57.23,57.65,57.0,57.05,12599800.0,0.0
1217,2014-07-07,56.89,56.99,56.401,56.67,13916100.0,0.0
1216,2014-07-08,56.35,56.47,55.63,55.76,18343400.0,0.0
1215,2014-07-09,55.88,56.12,55.61,56.02,10914300.0,0.0
1214,2014-07-10,55.06,55.81,54.96,55.56,12436600.0,0.0
1213,2014-07-11,55.29,55.905,55.19,55.8,10230000.0,0.0
1212,2014-07-14,56.53,56.84,56.2,56.29,14004400.0,0.0
1211,2014-07-15,57.95,58.69,57.76,58.27,36178000.0,0.0
1210,2014-07-16,58.51,58.98,58.31,58.71,20507500.0,0.0
1209,2014-07-17,58.56,58.86,57.76,57.86,17013500.0,0.0
1208,2014-07-18,58.33,58.48,57.9,58.23,12803300.0,0.0
1207,2014-07-21,58.12,58.41,57.9,58.24,9141400.0,0.0
1206,2014-07-22,58.42,58.8,58.37,58.67,10375200.0,0.0
1205,2014-07-23,58.76,59.19,58.52,59.0,11122100.0,0.0
1204,2014-07-24,59.07,59.35,58.99,59.17,9844100.0,0.0
1203,2014-07-25,58.92,59.27,58.84,59.01,10500600.0,0.0
1202,2014-07-28,58.94,59.26,58.67,59.19,12382800.0,0.0
1201,2014-07-29,59.13,59.13,58.441,58.64,13498800.0,0.0
1200,2014-07-30,59.02,59.28,58.61,58.91,11815700.0,0.0
1199,2014-07-31,58.65,58.68,57.66,57.67,15955900.0,0.0
1198,2014-08-01,57.39,57.49,55.97,56.48,23915400.0,0.0
1197,2014-08-04,56.91,56.98,56.34,56.65,13543900.0,0.0
1196,2014-08-05,56.43,56.6,55.6,56.06,16863300.0,0.0
1195,2014-08-06,55.89,56.69,55.83,56.23,12190600.0,0.0
1194,2014-08-07,56.63,56.69,55.68,55.91,11743800.0,0.0
1193,2014-08-08,55.89,56.36,55.64,56.34,12213200.0,0.0
1192,2014-08-11,56.54,56.58,56.17,56.32,9066800.0,0.0
1191,2014-08-12,56.23,56.55,56.13,56.35,11289600.0,0.0
1190,2014-08-13,56.69,56.84,56.5065,56.72,7019500.0,0.0
1189,2014-08-14,56.77,57.0,56.7,56.98,8275900.0,0.0
1188,2014-08-15,57.24,57.5,56.39,56.75,12727400.0,0.0
1187,2014-08-18,56.86,57.43,56.76,57.23,8881400.0,0.0
1186,2014-08-19,57.6,57.72,57.34,57.56,9040500.0,0.0
1185,2014-08-20,57.42,57.85,57.39,57.64,8121400.0,0.0
1184,2014-08-21,57.66,58.77,57.6,58.5,12745500.0,0.0
1183,2014-08-22,58.44,59.08,58.33,58.49,10228600.0,0.0
1182,2014-08-25,58.98,59.83,58.86,59.34,13996800.0,0.0
1181,2014-08-26,59.57,59.95,59.385,59.74,10281100.0,0.0
1180,2014-08-27,59.85,59.95,59.53,59.59,11410900.0,0.0
1179,2014-08-28,59.25,59.37,58.81,59.16,9096100.0,0.0
1178,2014-08-29,59.34,59.65,59.23,59.45,8897900.0,0.0
1177,2014-09-02,59.46,59.71,59.15,59.67,8671100.0,0.0
1176,2014-09-03,60.02,60.37,59.46,59.7,11791800.0,0.0
1175,2014-09-04,59.63,60.14,59.43,59.71,9811900.0,0.0
1174,2014-09-05,59.62,59.91,59.22,59.91,9600900.0,0.0
1173,2014-09-08,59.84,60.22,59.74,59.89,8090000.0,0.0
1172,2014-09-09,59.63,59.68,58.78,59.06,14868700.0,0.0
1171,2014-09-10,59.15,59.56,58.92,59.22,9153800.0,0.0
1170,2014-09-11,59.18,59.84,58.97,59.76,11467000.0,0.0
1169,2014-09-12,59.8,60.41,59.75,60.03,14373700.0,0.0
1168,2014-09-15,59.78,59.99,59.45,59.94,10685600.0,0.0
1167,2014-09-16,59.71,60.2,59.62,59.99,10947900.0,0.0
1166,2014-09-17,59.95,60.59,59.82,60.31,15091800.0,0.0
1165,2014-09-18,60.54,61.4,60.54,61.32,16973700.0,0.0
1164,2014-09-19,61.74,61.85,60.98,61.11,18739300.0,0.0
1163,2014-09-22,60.94,61.45,60.8,60.91,12967245.0,0.0
1162,2014-09-23,60.82,61.4,60.77,60.94,14293438.0,0.0
1161,2014-09-24,61.18,61.64,61.02,61.63,13686309.0,0.0
1160,2014-09-25,61.49,61.5,60.15,60.15,15844189.0,0.0
1159,2014-09-26,60.33,60.88,60.32,60.56,11948887.0,0.0
1158,2014-09-29,60.03,60.5,59.73,60.33,10694857.0,0.0
1157,2014-09-30,60.4,60.74,60.13,60.24,14378732.0,0.0
1156,2014-10-01,60.24,60.4,59.73,59.77,18995943.0,0.0
1155,2014-10-02,59.15,59.49,58.61,58.84,24561606.0,0.4
1154,2014-10-03,59.25,60.385,59.05,60.3,18320378.0,0.0
1153,2014-10-06,60.78,60.8,60.0,60.18,11578147.0,0.0
1152,2014-10-07,59.92,59.92,59.185,59.27,14542010.0,0.0
1151,2014-10-08,59.36,60.43,59.18,60.4,15834153.0,0.0
1150,2014-10-09,60.33,60.33,58.89,59.08,19190794.0,0.0
1149,2014-10-10,59.03,59.82,58.51,58.52,16689373.0,0.0
1148,2014-10-13,58.5,59.145,58.11,58.16,17169312.0,0.0
1147,2014-10-14,56.69,58.52,56.06,57.99,29096840.0,0.0
1146,2014-10-15,57.02,57.38,54.26,55.53,37866911.0,0.0
1145,2014-10-16,54.75,55.98,54.28,55.08,31965923.0,0.0
1144,2014-10-17,55.73,56.78,55.57,56.2,20183543.0,0.0
1143,2014-10-20,56.1,56.7472,56.07,56.63,10807650.0,0.0
1142,2014-10-21,57.23,58.01,57.08,57.93,14020298.0,0.0
1141,2014-10-22,58.04,58.26,57.44,57.45,13745977.0,0.0
1140,2014-10-23,58.12,58.6,57.935,58.06,12641862.0,0.0
1139,2014-10-24,58.0,58.775,58.0,58.74,13757973.0,0.0
1138,2014-10-27,58.45,58.79,58.25,58.64,11087084.0,0.0
1137,2014-10-28,58.87,59.69,58.81,59.63,13625017.0,0.0
1136,2014-10-29,59.62,59.78,58.76,59.29,16715852.0,0.0
1135,2014-10-30,58.94,59.68,58.92,59.39,14709756.0,0.0
1134,2014-10-31,60.12,60.54,59.87,60.48,18351059.0,0.0
1133,2014-11-03,60.79,61.15,60.36,60.88,11833638.0,0.0
1132,2014-11-04,60.24,60.37,59.42,60.25,15294796.0,0.0
1131,2014-11-05,60.8,61.23,60.39,61.15,14063612.0,0.0
1130,2014-11-06,61.08,61.3101,60.63,61.23,10420222.0,0.0
1129,2014-11-07,61.07,61.55,60.86,61.47,12384620.0,0.0
1128,2014-11-10,61.25,61.93,61.2,61.93,10799038.0,0.0
1127,2014-11-11,61.71,61.89,61.29,61.37,12539830.0,0.0
1126,2014-11-12,60.42,60.84,60.23,60.56,17218747.0,0.0
1125,2014-11-13,60.5,60.63,59.99,60.23,12240366.0,0.0
1124,2014-11-14,60.25,60.62,60.18,60.28,6801998.0,0.0
1123,2014-11-17,60.0,60.53,59.89,60.38,9017649.0,0.0
1122,2014-11-18,60.35,60.82,60.2,60.53,8899839.0,0.0
1121,2014-11-19,60.45,60.79,60.15,60.6,9207710.0,0.0
1120,2014-11-20,60.2,60.25,59.75,60.12,10916639.0,0.0
1119,2014-11-21,61.07,61.07,60.3,60.45,12340450.0,0.0
1118,2014-11-24,60.7,61.305,60.7,60.96,8334837.0,0.0
1117,2014-11-25,61.16,61.16,59.95,60.3,14802617.0,0.0
1116,2014-11-26,60.57,60.57,60.2,60.34,7628731.0,0.0
1115,2014-11-28,60.4,60.56,60.03,60.16,6759646.0,0.0
1114,2014-12-01,59.98,60.21,59.55,60.0,12771602.0,0.0
1113,2014-12-02,60.01,61.19,60.0,61.08,12546594.0,0.0
1112,2014-12-03,60.96,61.62,60.81,61.54,12115506.0,0.0
1111,2014-12-04,61.1,61.57,60.84,61.38,11542085.0,0.0
1110,2014-12-05,62.01,63.06,61.88,62.7,20071134.0,0.0
1109,2014-12-08,62.6,63.16,62.26,62.67,15535482.0,0.0
1108,2014-12-09,61.85,62.85,61.56,62.45,19661145.0,0.0
1107,2014-12-10,62.16,62.24,60.37,60.68,29620561.0,0.0
1106,2014-12-11,61.17,62.06,61.11,61.14,16884099.0,0.0
1105,2014-12-12,60.53,61.22,59.96,60.04,17403858.0,0.0
1104,2014-12-15,60.74,60.81,58.79,59.16,19209927.0,0.0
1103,2014-12-16,58.42,59.86,58.11,58.43,20709015.0,0.0
1102,2014-12-17,58.57,59.83,58.34,59.77,17856440.0,0.0
1101,2014-12-18,60.64,61.48,60.44,61.48,18173357.0,0.0
1100,2014-12-19,61.4,62.35,61.37,61.93,22756410.0,0.0
1099,2014-12-22,62.16,62.33,61.61,61.94,17071439.0,0.0
1098,2014-12-23,62.05,62.97,61.93,62.48,13552515.0,0.0
1097,2014-12-24,62.74,62.87,62.27,62.48,7419342.0,0.0
1096,2014-12-26,62.67,62.89,62.41,62.55,6086519.0,0.0
1095,2014-12-29,62.42,63.34,62.25,62.96,10601197.0,0.0
1094,2014-12-30,62.72,63.28,62.57,63.15,7518059.0,0.0
1093,2014-12-31,63.3,63.49,62.58,62.58,18529419.0,0.0
1092,2015-01-02,62.62,62.96,62.07,62.49,12598291.0,0.4
1091,2015-01-05,62.06,62.28,60.23,60.55,20100577.0,0.0
1090,2015-01-06,60.64,60.75,58.35,58.98,29073611.0,0.0
1089,2015-01-07,59.89,59.89,58.665,59.07,23843244.0,0.0
1088,2015-01-08,59.97,60.9,59.97,60.39,16955620.0,0.0
1087,2015-01-09,60.72,60.79,59.29,59.34,15205980.0,0.0
1086,2015-01-12,59.28,59.4,58.27,58.83,15452634.0,0.0
1085,2015-01-13,59.26,59.7,58.37,58.84,21696869.0,0.0
1084,2015-01-14,56.91,57.0,55.27,56.81,49597742.0,0.0
1083,2015-01-15,55.73,56.61,54.5,54.99,42455327.0,0.0
1082,2015-01-16,54.66,56.0,54.64,55.93,29368910.0,0.0
1081,2015-01-20,56.04,56.39,55.4232,55.71,23360205.0,0.0
1080,2015-01-21,55.45,56.42,55.19,55.89,21764851.0,0.0
1079,2015-01-22,56.38,57.73,55.955,57.59,31422990.0,0.0
1078,2015-01-23,57.72,57.87,56.66,56.68,15456314.0,0.0
1077,2015-01-26,56.41,56.99,56.2,56.77,12573358.0,0.0
1076,2015-01-27,56.05,56.61,55.755,56.2,15220526.0,0.0
1075,2015-01-28,56.62,56.68,54.75,54.75,24349981.0,0.0
1074,2015-01-29,55.27,55.89,54.68,55.67,20389754.0,0.0
1073,2015-01-30,54.99,55.495,54.37,54.38,26942183.0,0.0
1072,2015-02-02,54.53,55.65,54.27,55.47,20306297.0,0.0
1071,2015-02-03,55.91,56.78,55.87,56.72,18812501.0,0.0
1070,2015-02-04,56.32,57.07,56.28,56.38,14933325.0,0.0
1069,2015-02-05,56.86,57.04,56.46,56.77,11292945.0,0.0
1068,2015-02-06,57.75,58.73,57.54,57.89,25214001.0,0.0
1067,2015-02-09,57.42,58.095,57.23,57.82,14372365.0,0.0
1066,2015-02-10,58.42,58.7082,58.05,58.46,16367266.0,0.0
1065,2015-02-11,58.06,58.655,57.84,58.37,13059226.0,0.0
1064,2015-02-12,58.93,59.71,58.55,59.57,23211327.0,0.0
1063,2015-02-13,59.46,60.22,59.34,59.67,16479114.0,0.0
1062,2015-02-17,59.36,60.14,59.315,60.1,15308763.0,0.0
1061,2015-02-18,59.79,59.8324,59.12,59.37,14278117.0,0.0
1060,2015-02-19,59.15,59.48,58.8,59.23,11256543.0,0.0
1059,2015-02-20,58.96,59.89,58.35,59.8,15377742.0,0.0
1058,2015-02-23,59.5,59.53,58.8,59.35,16813409.0,0.0
1057,2015-02-24,60.25,61.25,60.08,60.82,22937701.0,0.0
1056,2015-02-25,60.76,61.27,60.75,61.14,18307912.0,0.0
1055,2015-02-26,61.03,61.7,60.91,61.58,15444802.0,0.0
1054,2015-02-27,61.13,61.92,61.13,61.28,15225870.0,0.0
1053,2015-03-02,61.24,61.83,61.03,61.77,13047328.0,0.0
1052,2015-03-03,61.65,61.99,61.5,61.97,13707555.0,0.0
1051,2015-03-04,61.64,62.17,61.3525,62.13,16626030.0,0.0
1050,2015-03-05,62.2,62.23,61.6,62.0,10931262.0,0.0
1049,2015-03-06,62.16,62.87,60.8,60.89,22719177.0,0.0
1048,2015-03-09,60.84,61.63,60.8,61.5,13001473.0,0.0
1047,2015-03-10,60.76,61.01,59.96,59.96,16357724.0,0.0
1046,2015-03-11,60.13,60.65,59.955,60.24,12977176.0,0.0
1045,2015-03-12,60.65,61.45,60.65,61.37,18159558.0,0.0
1044,2015-03-13,61.4,61.86,60.4301,61.0,16504895.0,0.0
1043,2015-03-16,61.5,61.92,61.25,61.85,15182759.0,0.0
1042,2015-03-17,61.34,61.66,60.92,61.61,11712554.0,0.0
1041,2015-03-18,61.39,62.05,61.085,61.75,15697394.0,0.0
1040,2015-03-19,61.57,61.65,60.76,61.2,11523085.0,0.0
1039,2015-03-20,61.32,62.1,61.15,61.75,18368347.0,0.0
1038,2015-03-23,61.75,62.08,61.12,61.14,15111043.0,0.0
1037,2015-03-24,60.97,61.24,60.45,60.46,12113298.0,0.0
1036,2015-03-25,60.53,60.64,59.59,59.61,14949272.0,0.0
1035,2015-03-26,59.46,59.79,58.87,59.54,14039559.0,0.0
1034,2015-03-27,59.49,59.78,59.0,59.55,11755819.0,0.0
1033,2015-03-30,60.88,61.46,60.61,60.96,20653590.0,0.0
1032,2015-03-31,60.72,60.94,60.42,60.58,17343118.0,0.0
1031,2015-04-01,60.41,60.57,59.73,59.95,18100587.0,0.4
1030,2015-04-02,60.07,60.7,60.0,60.52,12697771.0,0.0
1029,2015-04-06,59.92,60.75,59.65,60.47,12025025.0,0.0
1028,2015-04-07,61.15,61.5,60.85,60.85,11504003.0,0.0
1027,2015-04-08,61.06,61.56,60.94,61.05,11733950.0,0.0
1026,2015-04-09,61.27,61.575,60.83,61.47,11717830.0,0.0
1025,2015-04-10,61.35,61.78,61.2,61.7,9868670.0,0.0
1024,2015-04-13,61.64,62.27,61.5,62.07,15468702.0,0.0
1023,2015-04-14,62.96,63.61,62.74,63.04,33775406.0,0.0
1022,2015-04-15,63.08,64.48,63.01,64.21,28732225.0,0.0
1021,2015-04-16,64.08,64.27,63.66,63.81,16640454.0,0.0
1020,2015-04-17,63.25,63.4,62.49,62.84,20210114.0,0.0
1019,2015-04-20,63.22,63.52,63.14,63.24,12755309.0,0.0
1018,2015-04-21,63.33,63.6,62.13,62.31,14985119.0,0.0
1017,2015-04-22,62.65,63.15,62.03,62.94,14484658.0,0.0
1016,2015-04-23,62.79,63.21,62.6,62.8,12832789.0,0.0
1015,2015-04-24,62.63,62.84,62.34,62.6,9597525.0,0.0
1014,2015-04-27,62.7,63.15,62.31,62.34,11129732.0,0.0
1013,2015-04-28,62.49,62.78,61.77,62.76,12307828.0,0.0
1012,2015-04-29,62.56,63.89,62.46,63.6,17584942.0,0.0
1011,2015-04-30,63.58,63.88,62.92,63.26,16839165.0,0.0
1010,2015-05-01,63.7,63.87,63.33,63.61,11640805.0,0.0
1009,2015-05-04,63.68,64.87,63.64,64.72,14948111.0,0.0
1008,2015-05-05,64.51,65.32,64.29,64.4,17692169.0,0.0
1007,2015-05-06,64.53,65.07,63.42,63.92,18085612.0,0.0
1006,2015-05-07,63.67,64.595,63.25,64.5,15038636.0,0.0
1005,2015-05-08,64.97,65.65,64.6,65.49,16802261.0,0.0
1004,2015-05-11,65.26,65.64,65.075,65.45,13799675.0,0.0
1003,2015-05-12,65.31,65.54,64.76,65.36,12762184.0,0.0
1002,2015-05-13,65.42,65.63,65.06,65.52,11874274.0,0.0
1001,2015-05-14,65.83,66.18,65.71,66.05,11854428.0,0.0
1000,2015-05-15,66.13,66.16,65.435,65.88,11152030.0,0.0
999,2015-05-18,65.8,66.54,65.8,66.42,10510683.0,0.0
998,2015-05-19,66.77,67.1899,66.57,67.01,14282994.0,0.0
997,2015-05-20,66.95,67.03,66.4,66.48,12443062.0,0.0
996,2015-05-21,66.14,66.68,66.01,66.65,12923967.0,0.0
995,2015-05-22,66.63,66.83,66.32,66.47,9296939.0,0.0
994,2015-05-26,66.2,66.29,65.31,65.73,15571327.0,0.0
993,2015-05-27,65.95,66.65,65.82,66.47,10963602.0,0.0
992,2015-05-28,66.36,66.4,65.74,66.2,11797444.0,0.0
991,2015-05-29,66.18,66.22,65.36,65.78,14310723.0,0.0
990,2015-06-01,65.99,66.66,65.97,66.08,11898661.0,0.0
989,2015-06-02,65.83,66.39,65.58,66.02,12783535.0,0.0
988,2015-06-03,66.43,67.13,66.27,66.7,12927263.0,0.0
987,2015-06-04,66.31,67.05,66.01,66.33,13863283.0,0.0
986,2015-06-05,67.37,67.84,67.01,67.42,20801141.0,0.0
985,2015-06-08,67.46,67.55,66.81,66.89,14558660.0,0.0
984,2015-06-09,66.95,67.27,66.47,67.18,13263493.0,0.0
983,2015-06-10,67.59,68.495,67.47,68.26,17478898.0,0.0
982,2015-06-11,68.36,68.68,68.15,68.52,13739872.0,0.0
981,2015-06-12,68.31,68.54,67.87,68.25,11804741.0,0.0
980,2015-06-15,67.58,68.21,67.3,67.99,14082323.0,0.0
979,2015-06-16,67.77,68.52,67.6201,68.37,11692849.0,0.0
978,2015-06-17,68.41,68.68,68.035,68.14,14521889.0,0.0
977,2015-06-18,68.35,68.82,67.9,68.78,16759253.0,0.0
976,2015-06-19,68.46,68.67,67.92,68.08,21605104.0,0.0
975,2015-06-22,68.87,69.29,68.75,68.96,14302449.0,0.0
974,2015-06-23,69.35,69.82,69.19,69.75,15736884.0,0.0
973,2015-06-24,69.51,69.77,68.91,69.02,16993984.0,0.0
972,2015-06-25,69.32,69.475,68.635,68.65,13308405.0,0.0
971,2015-06-26,68.94,69.29,68.765,68.95,14486259.0,0.0
970,2015-06-29,67.68,68.26,67.16,67.2,19930888.0,0.0
969,2015-06-30,67.89,68.11,67.16,67.76,20677358.0,0.0
968,2015-07-01,68.12,68.39,67.78,68.07,13964423.0,0.44
967,2015-07-02,67.95,68.13,67.185,67.52,12822941.0,0.0
966,2015-07-06,66.88,67.46,66.54,67.33,13516876.0,0.0
965,2015-07-07,67.09,67.22,65.3,66.8,22418744.0,0.0
964,2015-07-08,66.0,66.16,65.205,65.43,17707242.0,0.0
963,2015-07-09,66.49,66.7034,65.99,66.11,14984705.0,0.0
962,2015-07-10,67.22,67.4,66.825,67.05,12355009.0,0.0
961,2015-07-13,67.89,68.14,67.68,68.09,16175638.0,0.0
960,2015-07-14,67.98,69.1,67.76,69.04,20183836.0,0.0
959,2015-07-15,69.23,69.43,68.85,69.19,16891606.0,0.0
958,2015-07-16,69.63,69.95,69.41,69.56,18035652.0,0.0
957,2015-07-17,69.35,69.49,68.92,69.21,14040361.0,0.0
956,2015-07-20,69.5,69.766,69.18,69.26,11512739.0,0.0
955,2015-07-21,69.16,69.54,68.87,69.1,11659290.0,0.0
954,2015-07-22,69.28,70.2901,69.2,70.08,15486141.0,0.0
953,2015-07-23,70.19,70.61,69.46,69.64,14331837.0,0.0
952,2015-07-24,69.44,69.56,68.68,68.91,12410295.0,0.0
951,2015-07-27,68.15,68.22,67.57,68.01,16801563.0,0.0
950,2015-07-28,68.55,68.6,67.77,68.05,14931400.0,0.0
949,2015-07-29,68.32,69.1,68.16,68.94,13059190.0,0.0
948,2015-07-30,68.93,69.45,68.5399,69.04,10197182.0,0.0
947,2015-07-31,69.01,69.04,68.4001,68.53,11911818.0,0.0
946,2015-08-03,68.59,68.84,68.0,68.53,9980062.0,0.0
945,2015-08-04,68.47,68.95,68.31,68.46,10963966.0,0.0
944,2015-08-05,69.05,69.42,68.56,68.73,11152342.0,0.0
943,2015-08-06,68.75,68.94,68.0,68.25,10796703.0,0.0
942,2015-08-07,68.33,68.74,67.55,68.05,11453310.0,0.0
941,2015-08-10,68.22,69.005,68.22,68.89,12661440.0,0.0
940,2015-08-11,68.23,68.4,67.85,68.23,14800333.0,0.0
939,2015-08-12,67.41,67.55,66.07,67.24,21150053.0,0.0
938,2015-08-13,67.25,67.8,66.97,67.55,11930123.0,0.0
937,2015-08-14,67.42,67.91,67.4,67.89,11248813.0,0.0
936,2015-08-17,67.62,68.24,67.4,68.07,10326540.0,0.0
935,2015-08-18,67.98,68.36,67.8399,68.21,10617181.0,0.0
934,2015-08-19,67.93,68.31,67.365,67.6,15197703.0,0.0
933,2015-08-20,66.81,67.04,65.94,65.94,20972302.0,0.0
932,2015-08-21,65.09,65.44,63.57,63.6,28209028.0,0.0
931,2015-08-24,59.29,62.92,50.07,60.25,36328739.0,0.0
930,2015-08-25,63.1,63.3203,59.73,59.91,31762621.0,0.0
929,2015-08-26,61.8,62.98,60.545,62.91,33543527.0,0.0
928,2015-08-27,64.0,64.73,63.135,64.48,29045241.0,0.0
927,2015-08-28,64.3,64.46,63.6,64.13,16686263.0,0.0
926,2015-08-31,63.67,64.35,63.47,64.1,14222866.0,0.0
925,2015-09-01,62.75,62.85,60.99,61.45,23634284.0,0.0
924,2015-09-02,62.62,62.9125,61.54,62.57,17756444.0,0.0
923,2015-09-03,62.88,63.66,62.45,62.68,17065377.0,0.0
922,2015-09-04,61.8,61.92,60.75,61.5,20188951.0,0.0
921,2015-09-08,62.77,63.2,62.33,63.16,13383326.0,0.0
920,2015-09-09,63.94,64.34,62.0,62.18,13889457.0,0.0
919,2015-09-10,61.86,62.995,61.45,62.66,15748310.0,0.0
918,2015-09-11,62.38,62.66,61.986000000000004,62.56,12766683.0,0.0
917,2015-09-14,62.64,62.685,62.12,62.38,10202787.0,0.0
916,2015-09-15,62.76,63.89,62.51,63.58,14023503.0,0.0
915,2015-09-16,63.89,64.29,63.21,64.14,12234435.0,0.0
914,2015-09-17,64.14,64.64,62.39,62.65,21249199.0,0.0
913,2015-09-18,61.83,61.83,60.78,60.94,31008001.0,0.0
912,2015-09-21,61.52,61.91,61.08,61.45,13136087.0,0.0
911,2015-09-22,60.6,61.085,60.42,60.91,14811263.0,0.0
910,2015-09-23,60.8,61.15,60.32,60.64,11712247.0,0.0
909,2015-09-24,60.01,60.38,59.46,60.22,17290898.0,0.0
908,2015-09-25,61.27,61.86,60.87,61.47,18381900.0,0.0
907,2015-09-28,60.92,61.01,59.69,59.98,16825220.0,0.0
906,2015-09-29,59.98,60.13,58.73,59.84,19334371.0,0.0
905,2015-09-30,60.7,61.0,60.11,60.97,18638980.0,0.0
904,2015-10-01,61.12,61.87,60.54,61.42,16858972.0,0.0
903,2015-10-02,59.59,60.86,58.53,60.81,20434993.0,0.44
902,2015-10-05,61.24,62.24,61.22,62.02,13470764.0,0.0
901,2015-10-06,62.11,62.36,61.615,62.05,12134800.0,0.0
900,2015-10-07,62.55,63.03,61.755,62.13,12817978.0,0.0
899,2015-10-08,61.85,62.25,61.43,62.13,13964567.0,0.0
898,2015-10-09,62.39,62.545,61.575,61.93,12112022.0,0.0
897,2015-10-12,61.84,62.01,61.398999999999994,61.72,10857374.0,0.0
896,2015-10-13,61.39,62.16,61.31,61.55,15621860.0,0.0
895,2015-10-14,60.76,60.97,59.54,59.99,28983463.0,0.0
894,2015-10-15,60.47,61.96,60.1034,61.89,18147873.0,0.0
893,2015-10-16,62.43,62.65,62.09,62.43,17456576.0,0.0
892,2015-10-19,62.0,62.765,61.91,62.22,14510389.0,0.0
891,2015-10-20,62.36,62.815,62.08,62.52,11545128.0,0.0
890,2015-10-21,62.88,62.96,62.05,62.06,12171798.0,0.0
889,2015-10-22,62.42,63.58,62.42,63.19,15293031.0,0.0
888,2015-10-23,63.63,64.185,63.5,63.87,16985219.0,0.0
887,2015-10-26,63.84,63.99,63.41,63.9,13880244.0,0.0
886,2015-10-27,63.53,63.86,63.3135,63.64,8831857.0,0.0
885,2015-10-28,63.7,65.74,63.69,65.5,17959901.0,0.0
884,2015-10-29,65.26,65.83,64.88,65.21,12752676.0,0.0
883,2015-10-30,65.3,65.34,64.13,64.25,15731415.0,0.0
882,2015-11-02,64.45,65.75,64.39,65.54,15252402.0,0.0
881,2015-11-03,65.29,66.1,65.17,65.78,11519476.0,0.0
880,2015-11-04,66.01,66.15,65.63,65.85,11388297.0,0.0
879,2015-11-05,65.79,66.67,65.75,66.44,12715177.0,0.0
878,2015-11-06,68.37,69.03,68.1,68.46,23259713.0,0.0
877,2015-11-09,68.7,68.72,67.08,67.39,17143653.0,0.0
876,2015-11-10,67.19,67.85,66.93,67.68,13237225.0,0.0
875,2015-11-11,68.1,68.17,67.25,67.35,8513925.0,0.0
874,2015-11-12,66.86,66.9,65.95,66.0,13575820.0,0.0
873,2015-11-13,65.84,66.17,65.23,65.56,11825836.0,0.0
872,2015-11-16,65.46,66.58,65.17,66.51,11041091.0,0.0
871,2015-11-17,66.67,66.74,65.89,66.13,12354394.0,0.0
870,2015-11-18,66.48,67.55,66.37,67.45,12910083.0,0.0
869,2015-11-19,67.58,67.82,67.04,67.66,12839394.0,0.0
868,2015-11-20,67.99,68.11,67.375,67.54,11209466.0,0.0
867,2015-11-23,67.31,67.58,66.78,66.88,11338963.0,0.0
866,2015-11-24,66.17,67.14,66.04,66.78,10910042.0,0.0
865,2015-11-25,66.93,67.12,66.55,66.86,7772026.0,0.0
864,2015-11-27,67.0,67.3264,66.64,67.17,4052853.0,0.0
863,2015-11-30,67.28,67.52,66.68,66.68,15139836.0,0.0
862,2015-12-01,67.34,67.83,66.99,67.61,12707388.0,0.0
861,2015-12-02,67.83,67.88,66.48,66.66,13440656.0,0.0
860,2015-12-03,66.83,67.03,65.58,65.8,14625381.0,0.0
859,2015-12-04,66.1,67.995,66.03,67.89,17786014.0,0.0
858,2015-12-07,67.66,67.75,66.4,67.0,11685333.0,0.0
857,2015-12-08,66.25,66.96,65.7,65.96,13083754.0,0.0
856,2015-12-09,65.61,66.585,65.04,65.46,16770188.0,0.0
855,2015-12-10,65.54,66.495,65.08,65.61,12838276.0,0.0
854,2015-12-11,64.8,65.16,63.5102,64.07,17889163.0,0.0
853,2015-12-14,64.227,64.755,63.6,64.27,17633059.0,0.0
852,2015-12-15,65.07,66.65,65.07,66.1,18126588.0,0.0
851,2015-12-16,66.91,67.74,65.91,67.53,21719268.0,0.0
850,2015-12-17,67.9,68.0,66.085,66.28,18122090.0,0.0
849,2015-12-18,65.97,65.97,64.4,64.4,23794209.0,0.0
848,2015-12-21,65.02,65.56,64.83,65.54,18862417.0,0.0
847,2015-12-22,65.92,66.0,64.98,65.68,12146768.0,0.0
846,2015-12-23,66.12,66.85,66.05,66.73,12523853.0,0.0
845,2015-12-24,66.62,66.89,66.32,66.6,4468242.0,0.0
844,2015-12-28,66.29,66.45,65.71,66.38,6610446.0,0.0
843,2015-12-29,66.84,67.3,66.74,67.07,9820660.0,0.0
842,2015-12-30,67.04,67.05,66.45,66.59,7189850.0,0.0
841,2015-12-31,66.19,66.7801,66.0,66.03,14654049.0,0.0
840,2016-01-04,63.95,64.06,63.01,63.62,25375752.0,0.44
839,2016-01-05,63.7,64.13,63.04,63.73,16533213.0,0.0
838,2016-01-06,62.72,63.125,62.34,62.81,22960882.0,0.0
837,2016-01-07,61.46,62.0,60.08,60.27,27626278.0,0.0
836,2016-01-08,61.13,61.27,58.85,58.92,22363741.0,0.0
835,2016-01-11,58.83,59.22,58.04,58.83,20924492.0,0.0
834,2016-01-12,59.45,59.56,58.1,58.96,22968710.0,0.0
833,2016-01-13,59.46,59.675,56.91,57.34,28808129.0,0.0
832,2016-01-14,58.16,59.38,57.29,58.2,31293105.0,0.0
831,2016-01-15,56.45,57.57,56.22,57.04,37704239.0,0.0
830,2016-01-19,57.73,57.97,56.51,57.01,22817090.0,0.0
829,2016-01-20,55.63,56.18,54.66,55.51,34643858.0,0.0
828,2016-01-21,55.74,56.52,55.06,55.25,31264954.0,0.0
827,2016-01-22,56.44,57.16,56.3,56.95,22731087.0,0.0
826,2016-01-25,56.48,56.85,55.6,55.66,21113955.0,0.0
825,2016-01-26,55.85,57.15,55.81,57.08,17535507.0,0.0
824,2016-01-27,57.08,58.2699,56.56,57.04,20559921.0,0.0
823,2016-01-28,57.52,57.97,56.63,57.28,15496766.0,0.0
822,2016-01-29,57.83,59.54,57.51,59.5,26986250.0,0.0
821,2016-02-01,59.16,59.65,58.44,58.86,16807435.0,0.0
820,2016-02-02,57.88,57.98,56.75,57.03,22446841.0,0.0
819,2016-02-03,57.37,57.795,55.015,57.41,31542288.0,0.0
818,2016-02-04,57.06,58.52,57.06,58.4,21651106.0,0.0
817,2016-02-05,58.58,59.14,57.42,57.75,22000260.0,0.0
816,2016-02-08,56.69,56.92,55.535,56.54,28267584.0,0.0
815,2016-02-09,55.29,56.69,55.13,56.2,26297918.0,0.0
814,2016-02-10,56.57,57.41,55.47,55.52,22385730.0,0.0
813,2016-02-11,53.9,53.91,52.5,53.07,44304776.0,0.0
812,2016-02-12,55.65,57.57,55.17,57.49,37010014.0,0.0
811,2016-02-16,58.23,58.6,57.64,58.35,23723836.0,0.0
810,2016-02-17,58.85,59.25,58.3947,58.77,21579883.0,0.0
809,2016-02-18,58.84,58.86,57.25,57.81,17037491.0,0.0
808,2016-02-19,57.5,58.17,57.075,57.82,15657870.0,0.0
807,2016-02-22,58.51,58.88,58.42,58.57,14882238.0,0.0
806,2016-02-23,57.9,58.09,55.96,56.12,31740379.0,0.0
805,2016-02-24,55.2,56.21,54.325,56.14,25553245.0,0.0
804,2016-02-25,56.13,57.03,56.04,57.01,14470525.0,0.0
803,2016-02-26,57.64,58.11,57.14,57.54,20946919.0,0.0
802,2016-02-29,57.41,57.605,56.29,56.3,19548605.0,0.0
801,2016-03-01,56.76,59.2,56.67,59.2,23950289.0,0.0
800,2016-03-02,59.2,59.9,58.96,59.76,20943121.0,0.0
799,2016-03-03,59.58,59.96,59.103,59.96,15788244.0,0.0
798,2016-03-04,60.1,60.55,59.531000000000006,60.05,18456514.0,0.0
797,2016-03-07,59.54,60.05,59.32,59.94,12830250.0,0.0
796,2016-03-08,59.21,59.5,58.68,58.78,14033180.0,0.0
795,2016-03-09,59.15,59.54,58.68,59.12,13238628.0,0.0
794,2016-03-10,59.59,59.67,57.81,58.61,21137892.0,0.0
793,2016-03-11,59.39,59.51,58.65,59.34,21053853.0,0.0
792,2016-03-14,59.15,59.31,58.6,59.12,13435939.0,0.0
791,2016-03-15,58.54,59.21,58.43,59.2,10910468.0,0.0
790,2016-03-16,58.983000000000004,59.75,58.47,58.92,17423930.0,0.0
789,2016-03-17,58.77,59.13,57.99,58.75,19402238.0,0.0
788,2016-03-18,60.05,60.97,59.66,60.48,29569351.0,0.0
787,2016-03-21,60.22,60.818999999999996,59.9625,60.46,12683903.0,0.0
786,2016-03-22,59.99,60.58,59.62,60.24,12042314.0,0.0
785,2016-03-23,60.34,60.51,59.86,59.94,11657591.0,0.0
784,2016-03-24,59.3,59.51,58.87,59.48,12919924.0,0.0
783,2016-03-28,59.53,59.75,59.18,59.4,11159417.0,0.0
782,2016-03-29,59.33,59.33,58.53,59.03,15933428.0,0.0
781,2016-03-30,59.46,60.2272,59.38,59.71,13307092.0,0.0
780,2016-03-31,59.45,59.93,59.11,59.22,14904365.0,0.0
779,2016-04-01,59.02,60.06,58.56,59.87,15417497.0,0.0
778,2016-04-04,59.44,59.565,58.96,59.2,12305027.0,0.44
777,2016-04-05,58.59,58.83,58.21,58.36,12884155.0,0.0
776,2016-04-06,58.18,58.88,57.95,58.81,12163378.0,0.0
775,2016-04-07,58.26,58.43,57.065,57.32,19225724.0,0.0
774,2016-04-08,57.71,58.58,57.69,57.74,13547183.0,0.0
773,2016-04-11,57.91,58.88,57.91,58.2,17619280.0,0.0
772,2016-04-12,58.34,59.39,58.2,59.28,17755251.0,0.0
771,2016-04-13,60.48,62.16,60.38,61.79,37514234.0,0.0
770,2016-04-14,61.69,62.905,61.605,62.59,24246643.0,0.0
769,2016-04-15,62.88,62.9,61.45,61.87,19290257.0,0.0
768,2016-04-18,61.64,62.58,61.53,62.27,13812572.0,0.0
767,2016-04-19,62.55,63.48,62.55,63.32,19255022.0,0.0
766,2016-04-20,63.48,64.31,63.145,64.24,14591053.0,0.0
765,2016-04-21,64.26,64.66,63.34,63.6,15394966.0,0.0
764,2016-04-22,63.64,64.38,63.64,63.97,12444565.0,0.0
763,2016-04-25,63.6,63.95,63.145,63.6,10687190.0,0.0
762,2016-04-26,63.81,64.07,63.33,63.93,12047059.0,0.0
761,2016-04-27,63.86,64.64,63.6,64.11,15283575.0,0.0
760,2016-04-28,63.64,64.415,63.35,63.6,12852410.0,0.0
759,2016-04-29,63.09,63.61,62.7,63.2,16375683.0,0.0
758,2016-05-02,63.69,64.0,63.14,63.79,10247330.0,0.0
757,2016-05-03,62.9,62.91,61.8,62.56,19118838.0,0.0
756,2016-05-04,61.75,62.26,61.27,61.57,17028596.0,0.0
755,2016-05-05,61.6,61.995,61.06,61.24,14033862.0,0.0
754,2016-05-06,60.7,61.68,60.59,61.6,11056552.0,0.0
753,2016-05-09,61.37,61.89,61.05,61.21,11197116.0,0.0
752,2016-05-10,61.55,62.26,61.35,62.04,11895801.0,0.0
751,2016-05-11,61.97,62.6,61.81,61.81,11253847.0,0.0
750,2016-05-12,62.27,62.56,61.37,61.77,11071679.0,0.0
749,2016-05-13,61.7,62.4001,61.02,61.2,15122075.0,0.0
748,2016-05-16,61.21,61.985,61.0,61.66,10951344.0,0.0
747,2016-05-17,61.43,62.16,61.15,61.66,12180930.0,0.0
746,2016-05-18,61.7,64.17,61.69,64.04,24052314.0,0.0
745,2016-05-19,63.53,64.22,62.9,63.39,16076159.0,0.0
744,2016-05-20,63.86,64.19,63.37,63.51,11862030.0,0.0
743,2016-05-23,63.45,63.87,63.16,63.46,9347040.0,0.0
742,2016-05-24,63.94,64.77,63.81,64.54,13839170.0,0.0
741,2016-05-25,64.94,66.2,64.92,65.52,18936695.0,0.0
740,2016-05-26,65.57,65.58,64.91,65.03,9425416.0,0.0
739,2016-05-27,65.21,65.46,65.05,65.43,10115814.0,0.0
738,2016-05-31,65.73,65.82,64.96,65.27,15139307.0,0.0
737,2016-06-01,64.76,65.92,64.26,65.69,14030758.0,0.0
736,2016-06-02,65.52,65.81,65.16,65.81,10637550.0,0.0
735,2016-06-03,64.25,64.86,63.55,64.64,20261391.0,0.0
734,2016-06-06,64.64,65.76,64.6,65.28,13184853.0,0.0
733,2016-06-07,65.45,65.74,65.04,65.06,9924106.0,0.0
732,2016-06-08,64.93,65.48,64.92,65.25,9428013.0,0.0
731,2016-06-09,64.79,64.9,64.27,64.75,10816711.0,0.0
730,2016-06-10,63.93,64.07,63.58,63.84,16678358.0,0.0
729,2016-06-13,63.48,64.34,63.26,63.27,14382321.0,0.0
728,2016-06-14,62.68,63.47,61.6802,62.08,19509192.0,0.0
727,2016-06-15,62.41,62.975,61.91,61.97,16981165.0,0.0
726,2016-06-16,61.45,62.3,60.9,62.22,16791028.0,0.0
725,2016-06-17,62.3,62.71,61.93,62.28,15751497.0,0.0
724,2016-06-20,63.45,63.85,62.34,62.37,12213239.0,0.0
723,2016-06-21,62.73,63.0,62.14,62.95,11610946.0,0.0
722,2016-06-22,62.95,63.71,62.68,62.71,12643142.0,0.0
721,2016-06-23,63.7,64.15,63.53,64.05,16576457.0,0.0
720,2016-06-24,60.48,61.7,59.34,59.6,44104160.0,0.0
719,2016-06-27,58.71,58.75,57.05,57.61,37925291.0,0.0
718,2016-06-28,59.19,59.55,58.26,59.52,29085007.0,0.0
717,2016-06-29,60.36,61.21,60.0,61.2,21483012.0,0.0
716,2016-06-30,61.63,62.19,61.02,62.14,21343616.0,0.0
715,2016-07-01,61.52,62.0115,61.16,61.26,14214829.0,0.48
714,2016-07-05,60.45,60.6,59.1,59.55,23356834.0,0.0
713,2016-07-06,59.01,60.29,58.76,60.19,20427988.0,0.0
712,2016-07-07,60.52,61.14,60.16,60.58,13771417.0,0.0
711,2016-07-08,61.33,62.17,61.33,61.83,16998814.0,0.0
710,2016-07-11,62.42,62.95,62.14,62.27,13151218.0,0.0
709,2016-07-12,63.03,63.56,62.89,63.2,16587469.0,0.0
708,2016-07-13,63.08,63.43,62.64,63.16,18483123.0,0.0
707,2016-07-14,64.74,64.98,64.05,64.12,28981089.0,0.0
706,2016-07-15,64.75,64.8,63.61,64.18,17599853.0,0.0
705,2016-07-18,64.13,64.4,63.9,63.96,10824064.0,0.0
704,2016-07-19,63.61,64.1,63.46,63.86,9729926.0,0.0
703,2016-07-20,64.11,64.229,63.71,63.93,10404438.0,0.0
702,2016-07-21,64.0,64.18,63.63,63.69,9952550.0,0.0
701,2016-07-22,63.9,64.09,63.6,64.04,8195688.0,0.0
700,2016-07-25,63.98,64.17,63.675,63.87,8167253.0,0.0
699,2016-07-26,63.98,64.26,63.71,64.13,8067291.0,0.0
698,2016-07-27,64.08,64.685,64.06,64.33,11798111.0,0.0
697,2016-07-28,64.0,64.19,63.72,64.1,10013424.0,0.0
696,2016-07-29,63.8,64.29,63.75,63.97,13210357.0,0.0
695,2016-08-01,64.15,64.31,63.61,63.8,11422101.0,0.0
694,2016-08-02,63.59,64.01,63.38,63.65,13550022.0,0.0
693,2016-08-03,63.69,64.67,63.65,64.66,13121588.0,0.0
692,2016-08-04,64.49,64.815,64.27,64.56,9872821.0,0.0
691,2016-08-05,65.14,66.37,65.07,66.3,20752730.0,0.0
690,2016-08-08,66.07,66.485,65.84,66.1,11359174.0,0.0
689,2016-08-09,66.18,66.28,65.69,65.87,10096971.0,0.0
688,2016-08-10,65.92,66.07,65.16,65.28,11556086.0,0.0
687,2016-08-11,65.27,65.69,65.02,65.46,9604549.0,0.0
686,2016-08-12,64.97,65.35,64.86,65.32,7684583.0,0.0
685,2016-08-15,65.56,65.83,65.46,65.72,8371557.0,0.0
684,2016-08-16,65.36,65.96,65.24,65.71,10128856.0,0.0
683,2016-08-17,65.8,65.98,65.54,65.89,11867865.0,0.0
682,2016-08-18,65.62,65.99,65.53,65.95,9313621.0,0.0
681,2016-08-19,65.72,65.91,65.22,65.86,9083377.0,0.0
680,2016-08-22,65.75,65.88,65.41,65.8,9055631.0,0.0
679,2016-08-23,66.07,66.34,65.76,65.77,8949577.0,0.0
678,2016-08-24,65.99,66.23,65.77,65.95,10167179.0,0.0
677,2016-08-25,65.91,66.14,65.79,66.07,9978651.0,0.0
676,2016-08-26,66.33,66.88,65.845,66.22,14038597.0,0.0
675,2016-08-29,66.49,67.1,66.46,66.95,14580044.0,0.0
674,2016-08-30,66.96,67.595,66.95,67.5,13791126.0,0.0
673,2016-08-31,67.46,67.77,66.855,67.5,14952329.0,0.0
672,2016-09-01,67.64,67.72,66.65,67.21,12226517.0,0.0
671,2016-09-02,67.4,67.575,66.98,67.49,13720662.0,0.0
670,2016-09-06,67.5,67.55,66.71,67.44,16648771.0,0.0
669,2016-09-07,67.16,67.5901,66.96,67.16,10069882.0,0.0
668,2016-09-08,67.22,67.68,67.0,67.25,12252961.0,0.0
667,2016-09-09,67.03,67.43,66.64,66.65,19686877.0,0.0
666,2016-09-12,66.14,67.3,65.76,67.06,16452983.0,0.0
665,2016-09-13,66.11,66.86,65.82,66.53,18876069.0,0.0
664,2016-09-14,66.27,67.245,66.21,66.4,12647520.0,0.0
663,2016-09-15,66.29,66.93,66.09,66.64,12639449.0,0.0
662,2016-09-16,66.09,66.26,65.44,65.82,25159813.0,0.0
661,2016-09-19,66.15,66.64,65.85,66.19,13466874.0,0.0
660,2016-09-20,66.75,66.85,66.24,66.46,10092057.0,0.0
659,2016-09-21,66.84,67.13,66.3099,66.84,14116774.0,0.0
658,2016-09-22,66.99,67.42,66.84,67.39,12780743.0,0.0
657,2016-09-23,67.39,67.9,67.1766,67.25,13967357.0,0.0
656,2016-09-26,66.6,66.8,65.54,65.78,16408130.0,0.0
655,2016-09-27,65.41,66.405,65.11,66.36,13711386.0,0.0
654,2016-09-28,66.58,66.77,65.9939,66.71,11272654.0,0.0
653,2016-09-29,66.7,67.21,65.35,65.65,18726692.0,0.0
652,2016-09-30,66.08,67.06,66.08,66.59,21671372.0,0.0
651,2016-10-03,66.35,66.92,66.26,66.51,14898676.0,0.0
650,2016-10-04,66.21,67.18,66.1,66.6,17226890.0,0.48
649,2016-10-05,66.89,68.07,66.8,67.69,16279971.0,0.0
648,2016-10-06,67.73,67.97,67.05,67.87,17483910.0,0.0
647,2016-10-07,67.79,68.18,67.4,68.11,18496219.0,0.0
646,2016-10-10,68.34,69.06,68.23,68.64,13027466.0,0.0
645,2016-10-11,68.5,68.82,67.93,68.31,15657104.0,0.0
644,2016-10-12,68.26,68.59,68.05,68.13,11899613.0,0.0
643,2016-10-13,67.46,67.87,66.82,67.74,17890046.0,0.0
642,2016-10-14,68.8,69.03,67.3,67.52,24162871.0,0.0
641,2016-10-17,67.42,67.79,66.735,67.17,14963411.0,0.0
640,2016-10-18,67.85,68.21,67.54,67.7,11870286.0,0.0
639,2016-10-19,67.81,68.5,67.81,68.35,12705774.0,0.0
638,2016-10-20,68.08,68.68,67.94,68.26,14122005.0,0.0
637,2016-10-21,67.81,68.53,67.7,68.49,12172607.0,0.0
636,2016-10-24,68.97,69.05,68.495,68.87,10197123.0,0.0
635,2016-10-25,68.88,68.93,68.38,68.8,9945050.0,0.0
634,2016-10-26,68.37,69.25,68.37,69.13,9792422.0,0.0
633,2016-10-27,69.49,69.77,69.1,69.23,14210699.0,0.0
632,2016-10-28,69.53,69.55,68.465,69.11,12766498.0,0.0
631,2016-10-31,69.43,69.58,69.23,69.26,14336194.0,0.0
630,2016-11-01,69.48,69.78,68.33,68.97,15564491.0,0.0
629,2016-11-02,68.65,68.85,68.01,68.68,12449748.0,0.0
628,2016-11-03,68.86,69.19,68.22,68.38,10369521.0,0.0
627,2016-11-04,68.49,68.56,67.64,67.76,13571306.0,0.0
626,2016-11-07,69.08,69.97,69.0,69.88,16515137.0,0.0
625,2016-11-08,69.7,70.545,69.24,70.03,17529098.0,0.0
624,2016-11-09,71.46,74.15,71.32,73.25,50948378.0,0.0
623,2016-11-10,74.22,77.25,74.22,76.65,56189465.0,0.0
622,2016-11-11,76.3,76.725,75.77,76.69,27574323.0,0.0
621,2016-11-14,77.25,80.44,77.25,79.51,46130653.0,0.0
620,2016-11-15,78.37,79.41,77.78,79.36,28126307.0,0.0
619,2016-11-16,78.22,78.35,76.88,77.4,26037707.0,0.0
618,2016-11-17,78.13,78.455,77.6,78.02,19305607.0,0.0
617,2016-11-18,77.96,78.42,77.55,77.71,19769965.0,0.0
616,2016-11-21,78.0,78.17,77.29,78.05,11983529.0,0.0
615,2016-11-22,78.34,78.555,77.76,78.53,14409108.0,0.0
614,2016-11-23,78.87,79.24,77.89,78.86,13401187.0,0.0
613,2016-11-25,79.1,79.45,78.47,78.83,6185719.0,0.0
612,2016-11-28,78.18,78.87,78.02,78.32,13007242.0,0.0
611,2016-11-29,78.39,79.16,78.39,78.92,14143902.0,0.0
610,2016-11-30,79.92,80.53,79.7,80.17,25351594.0,0.0
609,2016-12-01,80.65,82.279,80.65,81.79,23820802.0,0.0
608,2016-12-02,81.8,81.83,80.9,81.6,16931484.0,0.0
607,2016-12-05,82.3,83.29,82.29,83.26,18529840.0,0.0
606,2016-12-06,83.6,83.81,82.43,83.69,16130043.0,0.0
605,2016-12-07,83.55,84.09,82.85,84.07,18996905.0,0.0
604,2016-12-08,84.23,85.5,83.94,85.12,20837878.0,0.0
603,2016-12-09,85.02,85.5,84.14,85.49,14567202.0,0.0
602,2016-12-12,85.36,85.79,84.29,84.73,14509120.0,0.0
601,2016-12-13,84.98,85.67,83.82,84.76,16669046.0,0.0
600,2016-12-14,83.88,86.12,83.76,84.73,22620566.0,0.0
599,2016-12-15,85.4,86.49,84.9,86.0,19438924.0,0.0
598,2016-12-16,86.29,86.29,84.89,84.94,22975690.0,0.0
597,2016-12-19,84.8,85.44,84.19,85.43,21684743.0,0.0
596,2016-12-20,85.79,86.54,85.545,86.53,14587310.0,0.0
595,2016-12-21,86.43,86.81,86.03,86.75,11393050.0,0.0
594,2016-12-22,86.44,87.17,86.21,86.89,13923096.0,0.0
593,2016-12-23,87.0,87.15,86.4,87.05,10757783.0,0.0
592,2016-12-27,87.05,87.16,86.75,87.13,6945935.0,0.0
591,2016-12-28,87.16,87.39,86.35,86.5,9454499.0,0.0
590,2016-12-29,86.58,86.67,85.04,85.89,14689042.0,0.0
589,2016-12-30,86.1,86.42,85.66,86.29,13616146.0,0.0
588,2017-01-03,87.34,87.76,85.98,87.23,20550714.0,0.0
587,2017-01-04,86.96,87.18,86.4,86.91,15265665.0,0.48
586,2017-01-05,86.81,87.11,85.2589,86.11,14300638.0,0.0
585,2017-01-06,86.39,86.62,85.94,86.12,12893298.0,0.0
584,2017-01-09,85.73,86.77,85.52,86.18,12795648.0,0.0
583,2017-01-10,86.07,86.9,85.72,86.43,13989033.0,0.0
582,2017-01-11,86.43,87.08,85.91,87.08,14713067.0,0.0
581,2017-01-12,86.76,87.27,86.02,86.24,21326337.0,0.0
580,2017-01-13,87.11,88.17,86.1,86.7,28284855.0,0.0
579,2017-01-17,84.93,85.22,83.28,83.55,30024625.0,0.0
578,2017-01-18,83.63,84.23,83.03,83.94,21265303.0,0.0
577,2017-01-19,84.06,84.67,83.12,83.3,16555554.0,0.0
576,2017-01-20,83.43,83.83,83.285,83.67,18430684.0,0.0
575,2017-01-23,83.3,84.0,83.205,83.71,12174801.0,0.0
574,2017-01-24,83.92,85.0,83.56,84.72,15175319.0,0.0
573,2017-01-25,85.84,86.17,85.17,86.03,17550952.0,0.0
572,2017-01-26,85.95,86.95,85.95,86.75,15960894.0,0.0
571,2017-01-27,86.66,86.98,86.27,86.93,12534881.0,0.0
570,2017-01-30,86.19,86.5,85.32,86.03,13660409.0,0.0
569,2017-01-31,85.6,86.15,84.09,84.63,15640073.0,0.0
568,2017-02-01,85.54,86.1,84.68,84.95,15430058.0,0.0
567,2017-02-02,84.34,84.91,84.16,84.59,11081359.0,0.0
566,2017-02-03,86.19,87.31,85.865,87.18,17878630.0,0.0
565,2017-02-06,86.79,87.45,86.61,86.77,11828361.0,0.0
564,2017-02-07,87.14,87.4,86.48,86.72,9391232.0,0.0
563,2017-02-08,86.18,86.31,85.37,85.96,13970278.0,0.0
562,2017-02-09,86.42,87.33,86.13,87.2,13749123.0,0.0
561,2017-02-10,87.48,87.48,86.89,87.0,10992466.0,0.0
560,2017-02-13,87.44,88.74,87.43,88.15,18739103.0,0.0
559,2017-02-14,88.3,89.7,88.1063,89.56,17930733.0,0.0
558,2017-02-15,90.08,90.87,89.35,90.59,17381807.0,0.0
557,2017-02-16,90.4,91.04,89.77,90.53,17672724.0,0.0
556,2017-02-17,89.82,90.465,89.69,90.23,15776559.0,0.0
555,2017-02-21,90.51,91.15,90.46,91.01,14067806.0,0.0
554,2017-02-22,90.52,91.3,90.42,91.06,11838980.0,0.0
553,2017-02-23,91.18,91.34,90.52,91.13,11066952.0,0.0
552,2017-02-24,90.18,90.54,89.73,90.33,15060818.0,0.0
551,2017-02-27,90.32,90.725,90.02,90.43,12360378.0,0.0
550,2017-02-28,89.845,90.82,89.585,90.62,15182470.0,0.0
549,2017-03-01,92.79,93.98,92.61,93.6,24451380.0,0.0
548,2017-03-02,93.87,93.92,92.03,92.14,16847601.0,0.0
547,2017-03-03,92.23,93.11,92.19,92.8,12861607.0,0.0
546,2017-03-06,92.25,92.32,91.1,91.92,15059178.0,0.0
545,2017-03-07,91.64,92.09,91.21,91.41,11156675.0,0.0
544,2017-03-08,92.68,92.851,91.1,91.21,17378401.0,0.0
543,2017-03-09,91.6,92.14,91.15,91.57,13726237.0,0.0
542,2017-03-10,91.95,92.0,90.53,91.28,13728498.0,0.0
541,2017-03-13,91.31,91.78,90.931,91.36,10004297.0,0.0
540,2017-03-14,91.02,91.65,90.765,91.51,10237702.0,0.0
539,2017-03-15,91.8,92.55,91.13,91.73,16601394.0,0.0
538,2017-03-16,92.03,92.8057,91.57,91.64,14492039.0,0.0
537,2017-03-17,91.83,92.04,90.65,90.68,21734743.0,0.0
536,2017-03-20,90.27,91.17,89.79,90.03,14623597.0,0.0
535,2017-03-21,90.36,90.64,87.06,87.39,33089241.0,0.0
534,2017-03-22,86.89,88.07,86.01,87.53,21741025.0,0.0
533,2017-03-23,87.21,88.5,87.09,87.39,16090092.0,0.0
532,2017-03-24,87.79,88.09,86.77,87.29,16091347.0,0.0
531,2017-03-27,85.53,87.40100000000001,85.23,87.24,16689294.0,0.0
530,2017-03-28,87.02,89.02,86.98,88.6,16253024.0,0.0
529,2017-03-29,88.6,88.82,88.08,88.27,10207578.0,0.0
528,2017-03-30,88.2,89.46,88.12,89.03,11630996.0,0.0
527,2017-03-31,88.71,88.7397,87.75,87.84,16987605.0,0.0
526,2017-04-03,87.99,88.17,86.6,87.52,19827340.0,0.0
525,2017-04-04,86.89,87.67,86.715,87.31,14278332.0,0.5
524,2017-04-05,88.42,88.54,86.13,86.19,17635486.0,0.0
523,2017-04-06,85.98,86.91,85.25,86.48,14379588.0,0.0
522,2017-04-07,85.93,86.81,85.71,86.18,13092979.0,0.0
521,2017-04-10,86.08,86.69,85.4,85.88,15081616.0,0.0
520,2017-04-11,85.54,85.79,84.8,85.73,14687360.0,0.0
519,2017-04-12,85.93,85.95,85.03,85.4,14730636.0,0.0
518,2017-04-13,85.5,86.99,84.4,84.4,30529763.0,0.0
517,2017-04-17,84.44,86.08,84.37,85.86,19071650.0,0.0
516,2017-04-18,85.36,85.63,84.74,85.16,14127049.0,0.0
515,2017-04-19,85.5,85.92,84.36,84.46,17588506.0,0.0
514,2017-04-20,84.98,85.78,84.55,85.55,15631454.0,0.0
513,2017-04-21,85.5,85.68,84.51,84.52,19820592.0,0.0
512,2017-04-24,86.55,88.05,86.42,87.5,25468285.0,0.0
511,2017-04-25,88.55,89.13,88.26,88.26,18253752.0,0.0
510,2017-04-26,88.35,89.05,88.14,88.43,12832154.0,0.0
509,2017-04-27,88.37,88.37,87.01,87.61,13329025.0,0.0
508,2017-04-28,87.6,87.85,86.95,87.0,10755629.0,0.0
507,2017-05-01,87.36,87.74,86.56,87.06,15712266.0,0.0
506,2017-05-02,86.71,86.88,86.02,86.5,14414164.0,0.0
505,2017-05-03,86.06,87.1,86.02,87.0,11539114.0,0.0
504,2017-05-04,87.69,87.73,86.57,87.1,11537573.0,0.0
503,2017-05-05,87.25,87.34,86.42,87.0,9436036.0,0.0
502,2017-05-08,87.04,87.3198,86.6481,87.1,8162209.0,0.0
501,2017-05-09,87.26,87.84,86.5,86.75,10273937.0,0.0
500,2017-05-10,86.5288,87.48,86.47,87.43,8334867.0,0.0
499,2017-05-11,87.09,87.48,86.35,87.16,10907382.0,0.0
498,2017-05-12,86.68,87.0484,86.3399,86.92,8738802.0,0.0
497,2017-05-15,87.1,87.49,86.86,87.34,8789081.0,0.0
496,2017-05-16,87.36,88.09,87.34,87.61,9794968.0,0.0
495,2017-05-17,86.11,86.39,83.97,84.27,24679728.0,0.0
494,2017-05-18,84.07,84.8,83.36,83.96,23350068.0,0.0
493,2017-05-19,84.21,85.34,84.15,84.78,13412878.0,0.0
492,2017-05-22,85.18,85.29,84.21,84.7,11631219.0,0.0
491,2017-05-23,84.75,86.07,84.51,85.76,11753016.0,0.0
490,2017-05-24,85.88,85.97,85.24,85.71,9921516.0,0.0
489,2017-05-25,85.99,86.08,85.08,85.35,12238263.0,0.0
488,2017-05-26,85.11,85.56,85.02,85.36,8113464.0,0.0
487,2017-05-30,85.13,85.15,83.78,83.9,12603176.0,0.0
486,2017-05-31,83.73,83.82,81.635,82.15,28327925.0,0.0
485,2017-06-01,82.46,83.08,81.65,83.06,17121645.0,0.0
484,2017-06-02,82.29,82.99,81.98,82.64,14997739.0,0.0
483,2017-06-05,82.64,83.51,82.58,82.79,9080165.0,0.0
482,2017-06-06,82.29,83.215,82.13,82.96,12196816.0,0.0
481,2017-06-07,83.31,84.1052,83.1,83.91,13710920.0,0.0
480,2017-06-08,83.91,85.7302,83.89,84.95,17950964.0,0.0
479,2017-06-09,85.51,87.05,85.39,86.96,19120172.0,0.0
478,2017-06-12,87.32,87.74,86.29,86.98,16051379.0,0.0
477,2017-06-13,87.55,87.85,86.98,87.27,12557225.0,0.0
476,2017-06-14,86.77,87.31,85.82,87.09,16168437.0,0.0
475,2017-06-15,86.25,87.08,86.24,86.57,12509682.0,0.0
474,2017-06-16,86.85,86.96,86.015,86.18,16936572.0,0.0
473,2017-06-19,86.97,88.23,86.85,88.07,15971239.0,0.0
472,2017-06-20,87.75,87.92,87.37,87.52,11197809.0,0.0
471,2017-06-21,87.48,87.545,86.76,87.12,10005941.0,0.0
470,2017-06-22,86.93,87.36,86.65,87.02,12180579.0,0.0
469,2017-06-23,87.66,88.0,86.61,86.86,18812029.0,0.0
468,2017-06-26,87.01,87.67,86.615,87.24,10082422.0,0.0
467,2017-06-27,87.71,88.94,87.5,88.05,15415152.0,0.0
466,2017-06-28,88.6,90.07,88.6,89.82,17449322.0,0.0
465,2017-06-29,92.34,92.65,90.31,91.15,27697818.0,0.0
464,2017-06-30,91.96,92.0,91.16,91.4,16888721.0,0.0
463,2017-07-03,91.56,93.48,91.41,92.75,13208087.0,0.5
462,2017-07-05,93.12,93.79,92.61,93.68,17535404.0,0.0
461,2017-07-06,93.54,94.51,92.88,93.38,16596123.0,0.0
460,2017-07-07,93.96,94.17,93.23,93.85,12817808.0,0.0
459,2017-07-10,93.5,93.68,93.09,93.19,13987191.0,0.0
458,2017-07-11,93.33,93.33,92.28,92.83,13261532.0,0.0
457,2017-07-12,92.61,92.83,92.07,92.51,13540107.0,0.0
456,2017-07-13,92.69,93.38,92.34,93.1,12820084.0,0.0
455,2017-07-14,90.81,92.605,90.58,92.25,22233947.0,0.0
454,2017-07-17,91.82,91.99,91.25,91.39,14371181.0,0.0
453,2017-07-18,90.45,91.58,90.32,91.07,14719404.0,0.0
452,2017-07-19,91.34,91.6199,91.001,91.2,11651245.0,0.0
451,2017-07-20,91.15,91.72,90.9,91.2,11561600.0,0.0
450,2017-07-21,91.06,91.36,90.52,90.89,10971292.0,0.0
449,2017-07-24,90.96,91.54,90.91,91.28,10724516.0,0.0
448,2017-07-25,92.37,93.52,92.27,92.8,16447678.0,0.0
447,2017-07-26,93.1,93.19,91.68,91.93,11815499.0,0.0
446,2017-07-27,91.83,92.06,91.16,91.55,12332375.0,0.0
445,2017-07-28,91.45,91.75,90.905,91.28,9351915.0,0.0
444,2017-07-31,91.51,92.36,91.5,91.8,11520329.0,0.0
443,2017-08-01,92.49,93.14,92.28,93.03,12523725.0,0.0
442,2017-08-02,92.865,93.21,92.505,93.11,10165604.0,0.0
441,2017-08-03,92.7,93.13,92.235,92.5,11074754.0,0.0
440,2017-08-04,93.5,94.4,93.471,93.66,14323999.0,0.0
439,2017-08-07,93.89,94.19,93.71,94.02,7978339.0,0.0
438,2017-08-08,93.95,95.2193,93.6,93.68,13745401.0,0.0
437,2017-08-09,92.98,93.68,92.83,93.53,11214440.0,0.0
436,2017-08-10,92.9,93.07,92.07,92.19,13249787.0,0.0
435,2017-08-11,92.13,92.67,91.24,91.42,10679534.0,0.0
434,2017-08-14,92.37,92.9,92.33,92.49,10994793.0,0.0
433,2017-08-15,93.31,93.56,92.65,92.73,8812720.0,0.0
432,2017-08-16,93.04,93.23,91.88,92.09,11083801.0,0.0
431,2017-08-17,91.76,91.96,90.5,90.65,13837463.0,0.0
430,2017-08-18,90.31,91.54,90.19,90.74,13040738.0,0.0
429,2017-08-21,90.85,90.94,90.16,90.63,11501927.0,0.0
428,2017-08-22,91.07,91.71,91.0,91.56,9211421.0,0.0
427,2017-08-23,90.87,92.34,90.84,91.67,8811292.0,0.0
426,2017-08-24,91.93,92.12,91.41,91.52,8623165.0,0.0
425,2017-08-25,91.88,92.48,91.8,91.89,11794644.0,0.0
424,2017-08-28,92.16,92.19,91.13,91.6,7290396.0,0.0
423,2017-08-29,90.45,91.31,90.31,91.1,10884720.0,0.0
422,2017-08-30,91.25,91.875,91.19,91.31,9165342.0,0.0
421,2017-08-31,91.81,91.85,90.8,90.89,13217404.0,0.0
420,2017-09-01,91.25,92.36,90.95,91.7,9815834.0,0.0
419,2017-09-05,91.02,91.105,89.0243,89.51,17031549.0,0.0
418,2017-09-06,90.0,90.5172,89.64,90.11,11845663.0,0.0
417,2017-09-07,90.11,90.13,88.08,88.53,14591083.0,0.0
416,2017-09-08,88.31,89.42,88.24,88.42,14242198.0,0.0
415,2017-09-11,89.39,90.25,88.95,89.79,13219047.0,0.0
414,2017-09-12,90.17,91.25,90.1,90.89,14003411.0,0.0
413,2017-09-13,90.61,91.5,90.32,91.15,12485428.0,0.0
412,2017-09-14,91.2,91.53,90.74,90.97,10560810.0,0.0
411,2017-09-15,91.08,91.71,90.76,91.62,18171794.0,0.0
410,2017-09-18,91.93,93.135,91.85,92.92,11318699.0,0.0
409,2017-09-19,92.71,94.36,92.52,93.94,12623299.0,0.0
408,2017-09-20,94.1,95.29,93.71,94.6,15310818.0,0.0
407,2017-09-21,94.46,95.37,94.19,95.03,10849779.0,0.0
406,2017-09-22,94.7,94.98,94.43,94.83,8357489.0,0.0
405,2017-09-25,94.51,94.88,93.45,94.12,10463157.0,0.0
404,2017-09-26,93.78,94.03,93.34100000000001,93.7,9355111.0,0.0
403,2017-09-27,94.97,95.72,94.58,95.18,15088301.0,0.0
402,2017-09-28,95.59,95.88,94.91,95.38,10270373.0,0.0
401,2017-09-29,95.3,95.52,95.02,95.51,11438217.0,0.0
400,2017-10-02,95.77,96.88,95.46,96.84,13797213.0,0.0
399,2017-10-03,96.83,97.43,96.7739,97.35,9629432.0,0.0
398,2017-10-04,97.3,97.44,96.28,96.36,12161176.0,0.0
397,2017-10-05,96.0,97.4,95.55,97.09,14236219.0,0.56
396,2017-10-06,97.55,97.64,96.47,96.92,10228499.0,0.0
395,2017-10-09,96.96,97.07,96.14,96.41,7765052.0,0.0
394,2017-10-10,96.455,97.18,96.24,97.13,10628358.0,0.0
393,2017-10-11,96.83,97.01,96.14,96.84,14277087.0,0.0
392,2017-10-12,97.3,97.5,95.62,95.99,18251616.0,0.0
391,2017-10-13,95.48,96.71,94.96,95.86,13188490.0,0.0
390,2017-10-16,96.34,97.95,96.34,97.84,12434009.0,0.0
389,2017-10-17,98.07,98.179,97.32,97.62,10335339.0,0.0
388,2017-10-18,98.15,98.55,97.63,97.99,10158626.0,0.0
387,2017-10-19,97.19,98.2,97.09,98.11,9133817.0,0.0
386,2017-10-20,99.28,99.89,98.7301,99.51,15326608.0,0.0
385,2017-10-23,99.51,99.99,99.24,99.34,9236539.0,0.0
384,2017-10-24,99.88,101.19,99.76,100.92,13000267.0,0.0
383,2017-10-25,101.25,101.45,100.19,101.04,12857533.0,0.0
382,2017-10-26,101.35,102.4201,101.32,101.74,13052409.0,0.0
381,2017-10-27,101.43,102.2263,101.05,101.77,10400446.0,0.0
380,2017-10-30,101.13,101.93,100.87,101.41,8838731.0,0.0
379,2017-10-31,101.37,101.7,100.57,100.61,8690197.0,0.0
378,2017-11-01,101.1,101.7,100.73,100.92,8418239.0,0.0
377,2017-11-02,100.87,101.765,100.16,101.59,8731562.0,0.0
376,2017-11-03,101.1,101.525,100.73,101.41,7101575.0,0.0
375,2017-11-06,101.34,101.6874,100.66,100.78,8121534.0,0.0
374,2017-11-07,100.56,100.75,98.25,98.75,18822583.0,0.0
373,2017-11-08,98.27,98.37,97.15,97.64,14259725.0,0.0
372,2017-11-09,97.12,98.215,96.81,97.63,13680578.0,0.0
371,2017-11-10,97.81,98.34,97.5,97.51,9312455.0,0.0
370,2017-11-13,96.69,98.05,96.62,97.86,9301202.0,0.0
369,2017-11-14,97.34,97.78,96.85,97.27,11042725.0,0.0
368,2017-11-15,96.39,98.74,95.95,98.19,15384080.0,0.0
367,2017-11-16,98.53,99.06,98.31,98.47,9777496.0,0.0
366,2017-11-17,97.82,98.41,97.57,98.14,9016866.0,0.0
365,2017-11-20,98.45,99.145,97.76,99.01,9482825.0,0.0
364,2017-11-21,99.5,99.55,98.91,98.93,13389276.0,0.0
363,2017-11-22,99.03,99.5239,98.59,98.64,7341924.0,0.0
362,2017-11-24,98.83,98.9,98.26,98.32,3680043.0,0.0
361,2017-11-27,98.31,99.13,97.93,97.93,13075397.0,0.0
360,2017-11-28,98.21,101.7,97.97,101.36,16772956.0,0.0
359,2017-11-29,102.41,104.22,101.96,103.73,21102517.0,0.0
358,2017-11-30,104.74,106.66,104.04,104.52,23940470.0,0.0
357,2017-12-01,104.9,105.316,102.2,104.79,19682312.0,0.0
356,2017-12-04,107.73,108.4,106.77,106.95,23568271.0,0.0
355,2017-12-05,107.17,107.41,104.12,105.72,17192648.0,0.0
354,2017-12-06,105.41,105.76,104.525,104.93,15333462.0,0.0
353,2017-12-07,103.95,105.185,103.73,104.62,13371103.0,0.0
352,2017-12-08,105.08,105.94,104.34,105.93,13505914.0,0.0
351,2017-12-11,105.72,106.06,105.31,105.62,10591228.0,0.0
350,2017-12-12,105.92,107.37,105.54,106.85,15506053.0,0.0
349,2017-12-13,106.7,107.11,105.48,105.51,15017934.0,0.0
348,2017-12-14,106.015,106.45,104.64,104.66,13033082.0,0.0
347,2017-12-15,105.72,106.52,105.2,106.14,29350126.0,0.0
346,2017-12-18,107.31,107.63,106.48,106.96,12712623.0,0.0
345,2017-12-19,107.29,107.49,106.44,106.51,12149719.0,0.0
344,2017-12-20,107.61,107.7305,106.09,106.14,13089983.0,0.0
343,2017-12-21,106.63,108.07,106.56,107.83,12322897.0,0.0
342,2017-12-22,108.13,108.46,106.805,107.45,14571635.0,0.0
341,2017-12-26,107.2,107.99,106.4,107.02,7403739.0,0.0
340,2017-12-27,106.67,107.29,106.67,107.22,9496548.0,0.0
339,2017-12-28,107.4,107.84,107.1601,107.79,7438655.0,0.0
338,2017-12-29,108.09,108.28,106.94,106.94,8925701.0,0.0
337,2018-01-02,107.63,108.02,106.8056,107.95,13578835.0,0.0
336,2018-01-03,107.86,108.49,107.48,108.06,11901037.0,0.0
335,2018-01-04,108.36,110.03,108.2,109.04,12952463.0,0.56
334,2018-01-05,109.26,109.55,107.775,108.34,14151833.0,0.0
333,2018-01-08,108.15,108.68,107.7,108.5,12466124.0,0.0
332,2018-01-09,108.72,109.63,108.49,109.05,13292310.0,0.0
331,2018-01-10,109.47,110.7,109.39,110.25,15831486.0,0.0
330,2018-01-11,110.67,110.929,110.051,110.84,13652507.0,0.0
329,2018-01-12,111.65,112.85,110.84,112.67,18881517.0,0.0
328,2018-01-16,111.51,113.43,111.07,112.27,22703336.0,0.0
327,2018-01-17,111.89,113.2958,111.31,112.99,14939638.0,0.0
326,2018-01-18,112.76,113.7226,112.27,113.26,14572416.0,0.0
325,2018-01-19,113.94,114.34,112.804,113.01,18784268.0,0.0
324,2018-01-22,112.66,114.39,112.5,114.33,12475654.0,0.0
323,2018-01-23,113.67,114.64,113.35,114.21,12320751.0,0.0
322,2018-01-24,114.86,116.0,114.66,115.67,15904504.0,0.0
321,2018-01-25,116.04,116.17,115.075,115.7,13509957.0,0.0
320,2018-01-26,115.7,116.32,114.96,116.32,13883875.0,0.0
319,2018-01-29,116.02,117.3529,116.02,116.2,11679919.0,0.0
318,2018-01-30,115.53,116.6,114.98,115.11,14279124.0,0.0
317,2018-01-31,115.65,116.66,115.16,115.67,13141423.0,0.0
316,2018-02-01,115.77,116.985,115.48,116.87,13800613.0,0.0
315,2018-02-02,116.49,116.92,114.09,114.28,16470944.0,0.0
314,2018-02-05,113.0,114.59,103.98,108.8,30097591.0,0.0
313,2018-02-06,106.85,112.48,106.61,112.11,33114833.0,0.0
312,2018-02-07,111.55,114.45,111.146,112.87,21878324.0,0.0
311,2018-02-08,113.11,113.11,107.84,107.88,27425837.0,0.0
310,2018-02-09,109.1,111.05,106.2299,110.04,28184407.0,0.0
309,2018-02-12,111.17,112.725,110.07,111.74,18043325.0,0.0
308,2018-02-13,111.32,113.05,110.8,112.43,16071547.0,0.0
307,2018-02-14,112.63,115.27,112.53,115.03,15186858.0,0.0
306,2018-02-15,115.74,115.985,114.22,115.51,12130197.0,0.0
305,2018-02-16,114.55,116.07,114.5,114.68,13214253.0,0.0
304,2018-02-20,114.65,115.39,113.97,114.71,13461495.0,0.0
303,2018-02-21,115.0,117.45,114.67,115.19,14212461.0,0.0
302,2018-02-22,115.5,116.425,114.76,114.98,17070356.0,0.0
301,2018-02-23,115.31,117.39,115.31,117.31,12160308.0,0.0
300,2018-02-26,118.14,118.9,117.32,118.77,16507389.0,0.0
299,2018-02-27,118.91,119.33,117.35,117.36,17559636.0,0.0
298,2018-02-28,117.82,118.49,115.34,115.5,17735637.0,0.0
297,2018-03-01,115.48,116.6427,112.65,113.43,18690017.0,0.0
296,2018-03-02,112.39,113.56,111.12,113.32,18353697.0,0.0
295,2018-03-05,112.05,115.925,111.89,115.06,13933039.0,0.0
294,2018-03-06,115.64,115.82,114.32,115.16,10657902.0,0.0
293,2018-03-07,113.75,115.1,113.11,114.73,13006514.0,0.0
292,2018-03-08,115.11,115.23,113.21,114.74,11173721.0,0.0
291,2018-03-09,116.55,118.08,115.67,118.04,15366583.0,0.0
290,2018-03-12,118.0,118.75,117.25,117.66,12095960.0,0.0
289,2018-03-13,118.2,118.47,115.83,116.25,13310697.0,0.0
288,2018-03-14,116.56,116.59,114.6,114.95,12905124.0,0.0
287,2018-03-15,115.87,116.0,114.83,115.24,8747977.0,0.0
286,2018-03-16,115.34,116.6015,115.34,115.44,19888948.0,0.0
285,2018-03-19,115.1,115.45,113.3,114.53,13214919.0,0.0
284,2018-03-20,114.87,115.445,114.445,114.64,9921175.0,0.0
283,2018-03-21,114.81,116.63,114.21,114.74,13632983.0,0.0
282,2018-03-22,113.2,113.6,109.54,109.95,22550426.0,0.0
281,2018-03-23,110.27,110.92,106.76,107.01,23081509.0,0.0
280,2018-03-26,109.19,111.16,108.645,110.31,20217469.0,0.0
279,2018-03-27,111.07,111.69,107.3,108.17,18039921.0,0.0
278,2018-03-28,108.28,109.1699,106.65,108.0,19189269.0,0.0
277,2018-03-29,108.5,110.78,107.78,109.97,13274639.0,0.0
276,2018-04-02,109.96,110.73,106.08,107.85,18822525.0,0.0
275,2018-04-03,108.36,109.5025,107.26,109.33,14050517.0,0.0
274,2018-04-04,107.1,111.21,107.02,110.99,15282341.0,0.0
273,2018-04-05,111.63,112.83,111.39,111.88,16613295.0,0.56
272,2018-04-06,110.55,111.55,107.82,109.09,18904646.0,0.0
271,2018-04-09,110.01,112.98,109.89,110.4,15974349.0,0.0
270,2018-04-10,112.13,112.87,111.42,112.51,13996011.0,0.0
269,2018-04-11,111.66,111.81,110.515,110.62,14481975.0,0.0
268,2018-04-12,111.56,114.39,111.5,113.37,16402152.0,0.0
267,2018-04-13,115.02,115.15,109.05,110.3,39143130.0,0.0
266,2018-04-16,110.94,111.47,109.79,110.21,16566865.0,0.0
265,2018-04-17,111.37,111.92,109.99,110.21,15498819.0,0.0
264,2018-04-18,110.53,111.07,108.89,109.32,16077224.0,0.0
263,2018-04-19,109.53,111.87,109.5,111.72,17910473.0,0.0
262,2018-04-20,112.3,112.74,110.88,111.47,15584384.0,0.0
261,2018-04-23,111.57,111.95,110.63,110.93,11285181.0,0.0
260,2018-04-24,111.75,112.9,109.59,110.41,16452412.0,0.0
259,2018-04-25,110.27,110.53,108.6,109.99,13546110.0,0.0
258,2018-04-26,109.97,110.82,109.34,110.1,10297133.0,0.0
257,2018-04-27,109.55,110.1599,109.13,109.4,9383672.0,0.0
256,2018-04-30,109.75,110.3,108.75,108.78,13743086.0,0.0
255,2018-05-01,108.45,108.97,107.54,108.78,10499675.0,0.0
254,2018-05-02,108.11,109.49,107.73,107.92,12161101.0,0.0
253,2018-05-03,107.59,107.77,105.181,107.24,15375138.0,0.0
252,2018-05-04,106.43,108.74,105.98,108.43,11967033.0,0.0
251,2018-05-07,108.76,109.68,108.36,109.37,9356721.0,0.0
250,2018-05-08,109.53,111.34,109.28,110.99,12542678.0,0.0
249,2018-05-09,111.44,113.64,111.03,113.41,11366381.0,0.0
248,2018-05-10,113.19,114.44,112.75,114.29,9158914.0,0.0
247,2018-05-11,114.49,114.73,113.67,113.86,10252356.0,0.0
246,2018-05-14,114.11,114.7,113.74,113.9,8710577.0,0.0
245,2018-05-15,113.91,113.91,112.57,113.03,11535782.0,0.0
244,2018-05-16,112.89,113.69,112.63,113.34,7571089.0,0.0
243,2018-05-17,113.2,113.41,112.2,112.96,8617144.0,0.0
242,2018-05-18,112.75,112.8,110.84,111.13,11805729.0,0.0
241,2018-05-21,112.05,112.54,111.92,112.15,9441931.0,0.0
240,2018-05-22,112.35,114.2852,112.29,113.01,11507550.0,0.0
239,2018-05-23,112.51,112.77,111.12,112.49,11453916.0,0.0
238,2018-05-24,112.14,112.15,110.115,111.23,14078648.0,0.0
237,2018-05-25,110.46,111.08,110.195,110.66,8282975.0,0.0
236,2018-05-29,109.18,109.2,104.955,105.93,30643840.0,0.0
235,2018-05-30,107.64,108.6,106.65,108.35,17490845.0,0.0
234,2018-05-31,107.95,108.19,106.42,107.01,19803525.0,0.0
233,2018-06-01,108.34,108.94,107.8,108.4,13591884.0,0.0
232,2018-06-04,108.99,109.255,108.27,108.45,8929968.0,0.0
231,2018-06-05,108.24,108.31,107.07,107.84,10411281.0,0.0
230,2018-06-06,108.66,110.74,108.48,110.36,15439652.0,0.0
229,2018-06-07,111.18,111.5,110.025,110.8,13441325.0,0.0
228,2018-06-08,110.62,111.14,110.06,111.11,10382442.0,0.0
227,2018-06-11,111.12,111.91,110.77,110.83,12642897.0,0.0
226,2018-06-12,111.14,111.53,109.52,110.19,15292463.0,0.0
225,2018-06-13,110.46,111.445,109.58,109.97,14969374.0,0.0
224,2018-06-14,110.28,110.36,107.78,108.03,20481555.0,0.0
223,2018-06-15,107.8,108.38,106.27,107.9,26025784.0,0.0
222,2018-06-18,107.26,108.4,106.69,108.18,9778149.0,0.0
221,2018-06-19,106.9,107.88,106.6,107.55,12706293.0,0.0
220,2018-06-20,108.18,108.64,107.44,107.54,8875311.0,0.0
219,2018-06-21,107.1,108.2061,106.53,107.51,11046937.0,0.0
218,2018-06-22,108.16,108.37,105.51,105.75,19929966.0,0.0
217,2018-06-25,105.66,105.7,103.96,104.79,16907607.0,0.0
216,2018-06-26,104.71,105.21,103.11,104.86,17086772.0,0.0
215,2018-06-27,104.68,105.92,103.23,103.24,16270587.0,0.0
214,2018-06-28,103.68,105.46,103.51,104.93,14472095.0,0.0
213,2018-06-29,106.68,106.9,104.15,104.2,18972393.0,0.0
212,2018-07-02,103.72,105.09,103.38,105.08,11129381.0,0.0
211,2018-07-03,105.41,105.775,103.52,103.61,8311680.0,0.0
210,2018-07-05,104.13,104.38,103.53,103.72,10723412.0,0.56
209,2018-07-06,103.12,104.5,102.2,104.06,12172465.0,0.0
208,2018-07-09,104.71,107.46,104.71,107.28,13894647.0,0.0
207,2018-07-10,108.02,108.4,106.53,106.62,14558442.0,0.0
206,2018-07-11,106.31,107.06,106.21,106.39,10177886.0,0.0
205,2018-07-12,107.42,107.56,105.97,106.85,12427358.0,0.0
204,2018-07-13,107.3,107.8,105.14,106.36,21303844.0,0.0
203,2018-07-16,107.05,110.77,106.98,110.58,24662621.0,0.0
202,2018-07-17,110.69,110.93,109.7499,110.5,14816898.0,0.0
201,2018-07-18,110.42,112.12,110.2,111.53,14238685.0,0.0
200,2018-07-19,111.06,111.09,109.73,109.89,16773954.0,0.0
199,2018-07-20,110.0,111.74,109.78,111.28,13581956.0,0.0
198,2018-07-23,111.06,114.24,110.93,113.35,18136244.0,0.0
197,2018-07-24,113.55,114.78,113.42,114.15,14000129.0,0.0
196,2018-07-25,113.88,115.52,113.38,115.18,13330964.0,0.0
195,2018-07-26,115.42,115.585,114.581,114.85,11896809.0,0.0
194,2018-07-27,115.18,116.3,114.81,116.03,12802768.0,0.0
193,2018-07-30,116.28,117.61,116.06,116.73,13411618.0,0.0
192,2018-07-31,117.08,117.08,114.82,114.95,15842186.0,0.0
191,2018-08-01,115.75,116.69,115.28,115.66,13531204.0,0.0
190,2018-08-02,114.57,116.25,114.33,116.15,10158038.0,0.0
189,2018-08-03,116.0,117.13,115.94,117.09,11015163.0,0.0
188,2018-08-06,116.79,117.53,116.18,117.12,9857351.0,0.0
187,2018-08-07,117.74,118.29,117.33,117.55,10560863.0,0.0
186,2018-08-08,117.33,118.2686,117.28,117.79,8997130.0,0.0
185,2018-08-09,117.51,117.72,116.695,116.88,9694541.0,0.0
184,2018-08-10,115.5,115.95,114.6839,115.73,12630949.0,0.0
183,2018-08-13,115.56,115.87799999999999,113.815,113.89,10338230.0,0.0
182,2018-08-14,114.27,115.04,113.6499,114.65,10597176.0,0.0
181,2018-08-15,113.82,114.33,112.97,113.7,10151892.0,0.0
180,2018-08-16,114.35,115.31,114.3,114.77,10118632.0,0.0
179,2018-08-17,114.64,115.07,114.3,114.77,8503930.0,0.0
178,2018-08-20,114.59,115.05,114.11,114.62,8618139.0,0.0
177,2018-08-21,115.37,116.385,114.88,115.32,10963828.0,0.0
176,2018-08-22,115.31,115.41,114.78,114.97,8314811.0,0.0
175,2018-08-23,114.96,115.15,114.43,114.73,9265593.0,0.0
174,2018-08-24,114.98,115.22,114.45100000000001,114.68,8843813.0,0.0
173,2018-08-27,115.22,117.28,115.17,116.71,13758165.0,0.0
172,2018-08-28,117.0,117.03,115.97,116.14,8302618.0,0.0
171,2018-08-29,116.35,116.37,115.36,115.76,7220466.0,0.0
170,2018-08-30,115.59,116.04,114.98,115.19,8991172.0,0.0
169,2018-08-31,114.83,114.84,113.819,114.58,12964876.0,0.0
168,2018-09-04,114.34,115.24,113.63,115.15,10169902.0,0.0
167,2018-09-05,115.0,115.7,114.25,114.59,11461360.0,0.0
166,2018-09-06,114.5,114.7,113.5,114.1,9877592.0,0.0
165,2018-09-07,114.5,114.77,113.63,114.32,10954658.0,0.0
164,2018-09-10,114.85,114.97,113.66,113.71,8276789.0,0.0
163,2018-09-11,113.54,114.575,113.18,114.43,9333781.0,0.0
162,2018-09-12,114.25,114.88,112.85,113.08,10800758.0,0.0
161,2018-09-13,113.37,114.13,112.67,113.52,12415247.0,0.0
160,2018-09-14,113.81,114.49,113.23,113.5,10337948.0,0.0
159,2018-09-17,113.79,114.43,113.3,113.84,9555463.0,0.0
158,2018-09-18,114.33,114.655,113.56,114.3,7941254.0,0.0
157,2018-09-19,114.44,118.06,114.44,117.62,16051081.0,0.0
156,2018-09-20,118.5,119.24,118.08,118.63,15589976.0,0.0
155,2018-09-21,119.13,119.23,117.74,117.85,24787409.0,0.0
154,2018-09-24,117.76,118.46,116.4315,116.72,12492054.0,0.0
153,2018-09-25,117.04,117.97,116.32,116.39,9305970.0,0.0
152,2018-09-26,116.75,116.8699,114.66,115.02,14019327.0,0.0
151,2018-09-27,115.42,115.76,114.16,114.52,13281324.0,0.0
150,2018-09-28,113.65,114.24,112.52,112.84,15813322.0,0.0
149,2018-10-01,113.37,114.61,113.04,113.5,10146941.0,0.0
148,2018-10-02,113.36,114.12,112.8128,113.97,13750635.0,0.0
147,2018-10-03,114.94,115.66,114.48,115.04,17141962.0,0.0
146,2018-10-04,114.55,116.81,114.21,115.27,16356138.0,0.8
145,2018-10-05,115.83,116.1,114.015,114.62,13775899.0,0.0
144,2018-10-08,114.25,115.78,113.3534,115.32,14369230.0,0.0
143,2018-10-09,114.67,115.03,113.67,114.52,14065547.0,0.0
142,2018-10-10,114.7,114.95,111.47,111.47,23085079.0,0.0
141,2018-10-11,110.97,111.47,107.38,108.13,33705616.0,0.0
140,2018-10-12,110.37,110.83,105.6,106.95,32067959.0,0.0
139,2018-10-15,107.2,108.85,106.32,106.34,18899754.0,0.0
138,2018-10-16,107.16,108.78,106.73,108.62,19301350.0,0.0
137,2018-10-17,108.38,110.8,108.23,109.83,18794482.0,0.0
136,2018-10-18,109.02,109.84,107.81,108.09,17581080.0,0.0
135,2018-10-19,107.65,109.22,107.27,107.91,15233804.0,0.0
134,2018-10-22,108.15,108.34,106.1132,106.36,16194402.0,0.0
133,2018-10-23,104.2,106.16,103.7,105.25,21406813.0,0.0
132,2018-10-24,104.76,105.03,102.9068,103.29,23157581.0,0.0
131,2018-10-25,104.18,105.9,103.72,104.86,17464708.0,0.0
130,2018-10-26,104.0,104.56,102.73,103.42,19173877.0,0.0
129,2018-10-29,104.46,106.63,103.7,104.85,18445175.0,0.0
128,2018-10-30,105.71,106.98,104.86,106.7,18019681.0,0.0
127,2018-10-31,108.08,110.48,107.79,109.02,20859992.0,0.0
126,2018-11-01,109.62,110.22,108.32,108.98,13065023.0,0.0
125,2018-11-02,109.9,110.81,107.49,108.38,19009518.0,0.0
124,2018-11-05,108.61,109.29,108.42,109.09,10276448.0,0.0
123,2018-11-06,108.67,109.67,107.76,109.6,10822716.0,0.0
122,2018-11-07,110.37,111.73,109.35,111.48,12679585.0,0.0
121,2018-11-08,111.01,112.925,111.0,112.38,11662499.0,0.0
120,2018-11-09,112.23,112.36,110.83,111.29,10432161.0,0.0
119,2018-11-12,111.42,111.94,108.6,108.95,13279671.0,0.0
118,2018-11-13,109.1,111.12,109.1,109.59,13746059.0,0.0
117,2018-11-14,110.23,110.71,105.9836,107.33,18361433.0,0.0
116,2018-11-15,108.24,110.08,106.81,110.07,19099954.0,0.0
115,2018-11-16,109.45,110.76,108.55,109.99,13798501.0,0.0
114,2018-11-19,109.96,111.2,109.5282,110.83,13985080.0,0.0
113,2018-11-20,109.78,110.49,107.98,108.45,18936153.0,0.0
112,2018-11-21,109.03,109.61,107.64,107.64,10618854.0,0.0
111,2018-11-23,106.74,107.39,106.06,106.65,6488406.0,0.0
110,2018-11-26,107.72,109.98,107.45,109.26,13945714.0,0.0
109,2018-11-27,108.76,110.03,108.63,109.72,9235390.0,0.0
108,2018-11-28,109.8,111.4,108.87,110.94,13977257.0,0.0
107,2018-11-29,110.27,110.795,109.635,110.06,11144322.0,0.0
106,2018-11-30,109.85,111.32,109.58,111.19,18652458.0,0.0
105,2018-12-03,112.38,112.89,111.74,112.24,16032195.0,0.0
104,2018-12-04,111.6,111.6,106.73,107.23,23553050.0,0.0
103,2018-12-06,105.01,105.36,102.88,105.19,27209129.0,0.0
102,2018-12-07,105.16,106.9817,102.91,103.29,19247446.0,0.0
101,2018-12-10,102.87,103.49,99.28,101.36,23625283.0,0.0
100,2018-12-11,103.13,103.66,100.21,100.37,16858214.0,0.0
99,2018-12-12,101.66,102.9,100.0603,101.02,22620447.0,0.0
98,2018-12-13,101.55,101.97,100.67,101.12,17249201.0,0.0
97,2018-12-14,99.99,101.94,99.86,100.29,19876928.0,0.0
96,2018-12-17,99.77,100.56,98.435,99.01,25111364.0,0.0
95,2018-12-18,99.42,100.89,98.12,98.54,20832236.0,0.0
94,2018-12-19,98.41,100.58,96.6,97.29,28167506.0,0.0
93,2018-12-20,96.61,98.28,95.69,96.45,31825218.0,0.0
92,2018-12-21,96.68,98.43,93.685,94.17,41313933.0,0.0
91,2018-12-24,92.89,94.22,92.14,92.14,17009280.0,0.0
90,2018-12-26,92.69,95.96,91.11,95.96,22542900.0,0.0
89,2018-12-27,94.82,97.15,93.55,97.04,20304683.0,0.0
88,2018-12-28,97.95,98.32,96.44,96.83,17962761.0,0.0
87,2018-12-31,97.59,98.8085,96.77,97.62,13237180.0,0.0
86,2019-01-02,95.95,99.78,95.94,99.31,15659961.0,0.0
85,2019-01-03,98.64,98.89,96.69,97.11,16282891.0,0.8
84,2019-01-04,99.11,100.93,98.28,100.69,16934760.0,0.0
83,2019-01-07,100.43,101.47,99.7103,100.76,15430492.0,0.0
82,2019-01-08,101.63,101.82,99.545,100.57,13571621.0,0.0
81,2019-01-09,100.81,101.49,99.93,100.4,14228031.0,0.0
80,2019-01-10,100.02,100.73,99.27,100.39,14376430.0,0.0
79,2019-01-11,99.89,100.17,98.95,99.91,15439850.0,0.0
78,2019-01-14,98.87,101.36,98.66,100.94,21249969.0,0.0
77,2019-01-15,98.89,102.47,98.6,101.68,26502844.0,0.0
76,2019-01-16,102.25,103.45,101.8,102.5,18530598.0,0.0
75,2019-01-17,102.11,103.5,101.9208,102.92,14246559.0,0.0
74,2019-01-18,103.77,104.9,102.83,104.59,16428710.0,0.0
73,2019-01-22,103.08,103.59,102.13,102.94,17081382.0,0.0
72,2019-01-23,103.44,103.7,101.965,102.68,12146678.0,0.0
71,2019-01-24,102.13,103.09,101.94,102.74,11296764.0,0.0
70,2019-01-25,103.51,104.31,102.74,103.39,14412559.0,0.0
69,2019-01-28,102.89,104.24,102.59,103.88,12280839.0,0.0
68,2019-01-29,103.88,105.11,103.7301,104.17,9739758.0,0.0
67,2019-01-30,104.14,105.24,103.78,104.41,12524820.0,0.0
66,2019-01-31,103.41,103.8,102.73,103.5,17520551.0,0.0
65,2019-02-01,104.0,104.8455,103.52,103.88,12998611.0,0.0
64,2019-02-04,103.79,104.25,103.01,104.25,9871502.0,0.0
63,2019-02-05,104.52,104.55,103.29,103.79,12761751.0,0.0
62,2019-02-06,103.71,104.62,103.465,103.74,8744023.0,0.0
61,2019-02-07,103.25,103.5,101.44,102.38,13176760.0,0.0
60,2019-02-08,102.08,102.335,100.06,101.36,12891741.0,0.0
59,2019-02-11,101.76,102.01,100.771,100.88,10978516.0,0.0
58,2019-02-12,101.95,102.92,101.89,102.6,12850852.0,0.0
57,2019-02-13,102.9,103.85,102.9,103.09,10751125.0,0.0
56,2019-02-14,102.47,103.1,101.35,102.42,11505177.0,0.0
55,2019-02-15,103.9,105.7,103.66,105.55,14715737.0,0.0
54,2019-02-19,104.91,105.37,103.81,105.18,12764888.0,0.0
53,2019-02-20,105.21,105.8,104.875,105.69,10030326.0,0.0
52,2019-02-21,105.45,105.99,104.96,105.47,8400075.0,0.0
51,2019-02-22,105.7,106.09,104.775,105.0,10646207.0,0.0
50,2019-02-25,105.75,107.27,105.69,106.1,11230679.0,0.0
49,2019-02-26,104.5,105.47,103.94,105.29,15464708.0,0.0
48,2019-02-27,105.18,105.38,104.505,105.16,9967692.0,0.0
47,2019-02-28,105.01,105.21,104.18,104.36,15155640.0,0.0
46,2019-03-01,105.1,105.905,104.2,104.43,13811690.0,0.0
45,2019-03-04,104.92,105.9155,103.2668,104.19,12465965.0,0.0
44,2019-03-05,104.13,104.55,103.26,104.11,10856646.0,0.0
43,2019-03-06,103.86,104.57,103.55,103.72,9070782.0,0.0
42,2019-03-07,103.25,103.47,102.16,102.97,12705359.0,0.0
41,2019-03-08,101.99,103.23,101.99,103.01,10581021.0,0.0
40,2019-03-11,103.98,104.545,103.66,104.35,9762077.0,0.0
39,2019-03-12,104.59,104.79,103.7544,104.04,10217385.0,0.0
38,2019-03-13,104.19,104.98,103.95,104.39,13021240.0,0.0
37,2019-03-14,104.5,105.87,104.46,105.34,10926032.0,0.0
36,2019-03-15,105.41,106.8,105.23,106.55,24811730.0,0.0
35,2019-03-18,106.55,107.785,106.5,107.19,12934364.0,0.0
34,2019-03-19,108.2,108.4,106.55,106.8,12888802.0,0.0
33,2019-03-20,106.43,106.65,104.41,104.52,14913733.0,0.0
32,2019-03-21,103.49,103.49,102.2804,102.87,19747598.0,0.0
31,2019-03-22,101.82,102.32,99.52,99.76,31113637.0,0.0
30,2019-03-25,99.59,100.57,98.09,98.93,21031463.0,0.0
29,2019-03-26,99.82,100.4,98.82,99.92,15985500.0,0.0
28,2019-03-27,99.88,100.4499,99.08,99.58,12752866.0,0.0
27,2019-03-28,100.0,100.8,99.74,100.71,12450588.0,0.0
26,2019-03-29,101.54,101.99,100.585,101.23,14522008.0,0.0
25,2019-04-01,102.15,104.68,102.12,104.64,17499280.0,0.0
24,2019-04-02,104.6,105.44,104.33,105.14,10295389.0,0.0
23,2019-04-03,105.81,106.36,104.785,105.35,11496706.0,0.0
22,2019-04-04,104.55,105.73,104.45,105.56,11950067.0,0.8
21,2019-04-05,105.8,106.11,104.99,105.31,9931546.0,0.0
20,2019-04-08,105.11,105.65,104.91,105.65,8054760.0,0.0
19,2019-04-09,105.08,105.2,104.25,104.87,9090870.0,0.0
18,2019-04-10,105.13,105.715,104.47,105.34,10882304.0,0.0
17,2019-04-11,105.71,106.73,105.56,106.23,11164487.0,0.0
16,2019-04-12,109.44,111.85,108.88,111.21,25828755.0,0.0
15,2019-04-15,110.92,111.0,109.12,109.94,15162069.0,0.0
14,2019-04-16,109.9,111.39,109.86,111.1,11579198.0,0.0
13,2019-04-17,111.7,114.66,111.01,114.3,17788646.0,0.0
12,2019-04-18,114.53,114.945,113.33,113.46,12498529.0,0.0
11,2019-04-22,112.83,113.93,112.6622,113.6,7975860.0,0.0
10,2019-04-23,113.0,114.37,112.85,113.74,9193126.0,0.0
9,2019-04-24,113.26,114.15,112.81,113.55,9245015.0,0.0
8,2019-04-25,113.01,114.145,112.5,113.61,9311768.0,0.0
7,2019-04-26,113.95,114.58,113.6,114.47,7889519.0,0.0
6,2019-04-29,114.6,117.155,114.445,116.12,14242237.0,0.0
5,2019-04-30,116.43,116.72399999999999,115.26,116.05,11389147.0,0.0
4,2019-05-01,115.72,117.0,115.11,115.16,10412881.0,0.0
3,2019-05-02,115.17,115.7753,114.58,115.41,8613305.0,0.0
2,2019-05-03,116.0,116.68,115.67,116.12,8185209.0,0.0
1,2019-05-06,114.18,115.47,113.72,115.09,9387010.0,0.0
0,2019-05-07,114.03,114.03,112.285,113.21,15016763.0,0.0
